event_id,venue_id,event_type,start_time,end_time,day_of_week,user_views,user_checkins,user_likes,user_ratings_avg,user_reviews_count,user_wishlist_count,social_engagement_score,label
1,8,concert,2024-12-15 14:24:17,2024-12-15 18:07:17,Sunday,195,86,51,4.8,25,24,94,1
2,16,comedy,2024-05-24 12:11:44,2024-05-24 14:21:44,Friday,191,69,57,4.4,24,30,89,0
3,48,concert,2024-04-20 23:37:55,2024-04-21 01:12:55,Saturday,192,85,49,4.4,17,31,103,1
4,48,open_mic,2025-01-24 06:15:59,2025-01-24 10:08:59,Friday,186,75,54,3.4,18,31,110,0
5,38,karaoke,2024-07-27 01:58:26,2024-07-27 03:20:26,Saturday,212,86,67,3.6,26,27,94,0
6,2,concert,2024-07-15 09:04:21,2024-07-15 10:12:21,Monday,206,79,65,3.8,21,30,98,1
7,15,open_mic,2024-07-06 22:59:23,2024-07-07 00:54:23,Saturday,192,94,58,3.6,28,32,110,0
8,2,open_mic,2024-06-04 11:06:09,2024-06-04 14:40:09,Tuesday,202,93,49,3.7,19,37,100,1
9,46,techno_party,2025-01-22 06:55:27,2025-01-22 08:45:27,Wednesday,181,99,60,4.1,32,30,93,0
10,35,karaoke,2024-05-21 01:50:21,2024-05-21 05:49:21,Tuesday,200,74,54,4.0,16,34,107,0
11,29,open_mic,2024-12-30 01:48:40,2024-12-30 03:44:40,Monday,205,66,56,4.0,22,30,104,0
12,1,comedy,2025-01-23 22:02:19,2025-01-24 00:13:19,Thursday,195,69,70,3.7,22,31,92,0
13,28,dj_night,2025-03-23 18:13:52,2025-03-23 22:11:52,Sunday,221,76,65,4.1,22,24,103,1
14,10,comedy,2024-11-09 01:41:58,2024-11-09 03:52:58,Saturday,207,70,64,4.2,16,25,108,0
15,7,concert,2024-05-15 00:50:37,2024-05-15 03:16:37,Wednesday,207,66,54,4.0,27,35,102,1
16,7,dj_night,2024-11-26 14:18:14,2024-11-26 16:55:14,Tuesday,209,77,74,4.2,25,28,94,1
17,39,dj_night,2024-09-22 03:06:41,2024-09-22 05:34:41,Sunday,228,82,50,4.2,23,28,110,0
18,47,karaoke,2024-04-23 14:45:03,2024-04-23 15:56:03,Tuesday,223,80,63,4.3,18,21,101,1
19,8,karaoke,2024-04-22 20:14:42,2024-04-22 23:31:42,Monday,156,89,50,3.6,22,18,101,0
20,36,dj_night,2024-05-17 15:49:04,2024-05-17 17:09:04,Friday,192,74,46,4.3,23,24,92,0
21,40,dj_night,2024-07-05 04:22:07,2024-07-05 08:02:07,Friday,207,101,61,3.2,18,17,112,1
22,13,techno_party,2024-07-10 15:04:18,2024-07-10 18:31:18,Wednesday,178,79,58,3.8,21,17,104,0
23,3,techno_party,2024-10-24 12:46:03,2024-10-24 14:03:03,Thursday,207,63,76,4.8,19,41,90,1
24,50,dj_night,2024-12-01 01:44:10,2024-12-01 03:42:10,Sunday,208,75,55,3.4,23,37,110,1
25,15,concert,2024-04-21 13:50:53,2024-04-21 15:10:53,Sunday,211,77,56,3.9,23,22,100,1
26,18,karaoke,2024-11-15 05:41:53,2024-11-15 08:18:53,Friday,221,66,62,4.5,19,27,108,0
27,24,comedy,2024-06-27 11:48:58,2024-06-27 15:30:58,Thursday,177,61,59,3.6,22,21,82,0
28,23,comedy,2025-01-14 08:18:05,2025-01-14 10:52:05,Tuesday,176,77,66,3.8,21,39,100,1
29,18,techno_party,2024-12-19 15:52:37,2024-12-19 19:43:37,Thursday,170,67,66,3.9,17,20,104,1
30,42,concert,2025-01-08 15:20:15,2025-01-08 19:14:15,Wednesday,205,94,55,4.2,26,32,90,1
31,41,comedy,2024-11-08 21:44:15,2024-11-09 01:19:15,Friday,203,85,55,3.6,27,42,103,0
32,47,comedy,2024-09-21 04:43:23,2024-09-21 07:59:23,Saturday,218,69,57,4.2,20,26,113,0
33,30,karaoke,2024-07-05 21:10:13,2024-07-05 22:51:13,Friday,217,79,78,4.4,22,22,101,1
34,41,techno_party,2024-10-02 17:26:48,2024-10-02 19:35:48,Wednesday,217,82,58,3.4,22,25,103,1
35,15,techno_party,2024-11-26 02:52:09,2024-11-26 06:14:09,Tuesday,222,80,58,3.1,20,32,82,1
36,50,concert,2024-07-28 07:26:25,2024-07-28 09:49:25,Sunday,183,84,56,4.0,20,24,75,1
37,3,dj_night,2025-02-19 14:57:13,2025-02-19 16:55:13,Wednesday,185,68,53,5.0,22,19,110,1
38,18,concert,2025-03-14 20:58:52,2025-03-14 23:40:52,Friday,187,80,57,4.0,23,26,115,1
39,37,techno_party,2024-04-13 19:05:16,2024-04-13 20:59:16,Saturday,179,81,54,3.7,14,31,109,1
40,14,techno_party,2025-01-30 23:06:44,2025-01-31 01:26:44,Thursday,201,87,50,3.5,18,31,92,1
41,26,techno_party,2025-02-18 05:17:41,2025-02-18 08:24:41,Tuesday,189,71,52,4.0,13,36,89,0
42,10,dj_night,2024-06-12 06:38:51,2024-06-12 09:35:51,Wednesday,202,74,52,3.6,19,25,103,1
43,16,techno_party,2025-01-07 09:38:44,2025-01-07 11:13:44,Tuesday,183,81,56,4.5,16,34,99,1
44,35,dj_night,2024-09-22 09:34:00,2024-09-22 12:57:00,Sunday,226,105,52,3.7,23,36,109,1
45,28,open_mic,2024-08-21 09:52:46,2024-08-21 13:21:46,Wednesday,184,84,57,4.6,19,29,108,1
46,24,comedy,2024-07-28 04:27:49,2024-07-28 07:09:49,Sunday,221,81,63,3.8,29,27,109,1
47,33,karaoke,2024-06-10 15:41:20,2024-06-10 17:16:20,Monday,221,69,54,4.0,18,22,87,0
48,49,concert,2024-07-03 21:23:04,2024-07-03 22:46:04,Wednesday,183,86,63,3.8,20,27,116,1
49,10,techno_party,2025-02-01 18:47:45,2025-02-01 20:15:45,Saturday,198,69,60,4.1,23,31,98,0
50,44,karaoke,2024-08-19 23:48:12,2024-08-20 01:28:12,Monday,225,90,73,4.4,20,28,95,1
51,5,karaoke,2024-05-20 23:11:01,2024-05-21 02:43:01,Monday,193,81,56,3.8,16,23,100,0
52,39,karaoke,2024-05-17 06:58:08,2024-05-17 09:35:08,Friday,194,83,64,4.8,31,29,103,0
53,17,open_mic,2024-09-05 19:41:38,2024-09-05 22:56:38,Thursday,187,71,61,3.9,20,28,88,0
54,44,techno_party,2024-05-18 19:58:37,2024-05-18 21:00:37,Saturday,230,74,58,4.8,15,33,91,0
55,44,open_mic,2024-08-28 16:26:43,2024-08-28 17:55:43,Wednesday,213,84,48,4.4,25,33,94,1
56,50,techno_party,2025-03-06 09:44:06,2025-03-06 11:52:06,Thursday,176,82,71,4.2,18,28,93,1
57,8,dj_night,2024-08-22 20:24:52,2024-08-22 22:51:52,Thursday,202,87,70,4.1,19,26,104,1
58,11,karaoke,2024-12-01 17:38:58,2024-12-01 20:29:58,Sunday,201,74,73,4.1,21,31,111,1
59,47,techno_party,2024-07-23 00:01:41,2024-07-23 01:01:41,Tuesday,182,92,62,3.1,20,24,83,1
60,33,comedy,2025-02-18 17:29:44,2025-02-18 19:36:44,Tuesday,195,76,55,3.4,20,41,91,1
61,7,techno_party,2024-04-28 03:30:08,2024-04-28 06:39:08,Sunday,204,80,56,4.0,23,26,110,1
62,41,open_mic,2025-01-19 16:06:29,2025-01-19 18:22:29,Sunday,204,66,59,4.9,20,34,105,0
63,13,comedy,2024-10-06 16:39:54,2024-10-06 20:14:54,Sunday,189,99,52,3.5,29,27,91,1
64,49,comedy,2024-11-05 12:31:23,2024-11-05 15:06:23,Tuesday,208,86,56,4.5,24,32,103,1
65,50,open_mic,2024-05-29 17:58:44,2024-05-29 21:16:44,Wednesday,218,92,75,3.7,20,35,98,1
66,39,dj_night,2025-04-04 10:55:51,2025-04-04 11:55:51,Friday,180,74,53,4.7,19,33,122,1
67,2,concert,2024-09-05 06:42:40,2024-09-05 09:47:40,Thursday,197,99,63,4.1,21,25,91,0
68,20,comedy,2024-05-11 20:59:09,2024-05-11 23:31:09,Saturday,194,70,66,4.2,15,25,101,1
69,16,open_mic,2024-11-11 15:54:23,2024-11-11 17:08:23,Monday,177,73,64,3.9,18,34,83,0
70,6,techno_party,2024-08-03 03:08:04,2024-08-03 04:28:04,Saturday,175,80,62,3.6,18,31,114,0
71,5,open_mic,2025-02-27 09:07:36,2025-02-27 12:11:36,Thursday,209,85,63,3.9,18,24,111,1
72,9,techno_party,2024-12-11 09:51:45,2024-12-11 11:23:45,Wednesday,191,73,61,4.1,18,40,120,1
73,36,comedy,2024-12-07 11:32:12,2024-12-07 14:33:12,Saturday,191,63,56,3.7,24,30,105,1
74,34,open_mic,2025-03-21 03:31:24,2025-03-21 05:38:24,Friday,198,88,53,4.2,22,23,121,0
75,14,open_mic,2025-03-11 22:12:19,2025-03-12 01:00:19,Tuesday,196,93,53,3.4,26,46,113,0
76,13,techno_party,2024-08-29 17:11:51,2024-08-29 21:07:51,Thursday,216,83,63,4.7,20,23,98,1
77,26,techno_party,2024-11-21 11:49:37,2024-11-21 14:08:37,Thursday,172,74,55,3.8,21,33,109,1
78,24,karaoke,2024-06-24 22:46:28,2024-06-25 02:32:28,Monday,179,80,65,2.8,20,27,83,1
79,29,concert,2025-01-09 21:36:01,2025-01-10 00:48:01,Thursday,203,89,51,4.7,23,27,83,1
80,15,concert,2024-05-08 06:48:57,2024-05-08 08:51:57,Wednesday,215,84,65,4.5,11,24,95,0
81,2,open_mic,2024-04-29 01:37:45,2024-04-29 04:03:45,Monday,207,81,52,3.9,23,27,113,1
82,15,open_mic,2024-12-24 01:56:09,2024-12-24 05:17:09,Tuesday,210,78,62,3.2,16,32,87,0
83,1,concert,2024-07-08 18:40:51,2024-07-08 20:36:51,Monday,185,108,69,4.3,19,28,89,0
84,4,comedy,2025-02-05 12:02:03,2025-02-05 15:43:03,Wednesday,189,75,59,3.8,12,30,111,1
85,3,dj_night,2024-08-01 15:48:22,2024-08-01 17:05:22,Thursday,205,70,64,4.2,21,25,93,1
86,33,comedy,2024-05-12 06:13:48,2024-05-12 07:31:48,Sunday,228,68,75,4.2,20,45,123,0
87,43,karaoke,2025-03-09 10:39:14,2025-03-09 12:50:14,Sunday,198,80,50,4.6,16,47,105,0
88,35,comedy,2024-07-10 16:16:59,2024-07-10 18:10:59,Wednesday,185,85,63,3.5,21,40,105,0
89,37,karaoke,2025-03-13 18:43:41,2025-03-13 22:09:41,Thursday,196,67,70,4.8,26,27,110,0
90,31,karaoke,2024-05-20 11:54:59,2024-05-20 13:56:59,Monday,197,68,57,4.2,23,29,96,1
91,7,concert,2024-09-05 21:32:53,2024-09-05 23:20:53,Thursday,204,83,57,2.8,18,31,103,0
92,28,dj_night,2024-07-28 05:25:00,2024-07-28 09:13:00,Sunday,221,96,75,5.1,13,26,94,1
93,27,karaoke,2024-10-04 08:36:19,2024-10-04 11:24:19,Friday,192,86,58,4.3,15,33,102,0
94,44,techno_party,2024-12-14 03:31:24,2024-12-14 04:44:24,Saturday,199,81,62,3.5,26,25,97,0
95,7,concert,2025-03-01 04:59:15,2025-03-01 08:44:15,Saturday,194,88,68,3.7,22,31,107,1
96,47,dj_night,2024-08-30 22:59:50,2024-08-31 01:42:50,Friday,178,84,61,4.1,18,23,97,0
97,16,comedy,2024-06-13 10:33:39,2024-06-13 12:00:39,Thursday,181,86,55,3.7,16,20,81,1
98,35,karaoke,2024-09-02 00:51:06,2024-09-02 02:39:06,Monday,202,84,56,3.5,22,34,80,0
99,28,comedy,2024-08-27 05:52:40,2024-08-27 07:27:40,Tuesday,185,71,48,3.6,22,40,97,0
100,30,comedy,2024-07-01 15:15:43,2024-07-01 17:26:43,Monday,226,90,63,4.6,24,33,94,1
101,29,open_mic,2024-12-27 13:00:01,2024-12-27 14:19:01,Friday,177,81,58,4.2,28,28,113,0
102,4,techno_party,2024-07-23 22:55:43,2024-07-24 00:20:43,Tuesday,192,77,65,5.2,25,30,108,1
103,1,concert,2025-01-08 19:57:15,2025-01-08 23:15:15,Wednesday,196,76,56,3.5,22,32,88,0
104,11,karaoke,2025-04-10 00:46:06,2025-04-10 02:46:06,Thursday,198,73,49,3.9,13,19,103,0
105,31,comedy,2025-01-01 17:38:27,2025-01-01 20:42:27,Wednesday,201,79,57,4.3,24,29,108,1
106,4,comedy,2024-12-18 22:38:33,2024-12-19 01:20:33,Wednesday,187,80,61,4.4,25,30,95,1
107,1,karaoke,2024-05-09 00:02:04,2024-05-09 02:39:04,Thursday,195,79,67,3.7,19,32,81,1
108,30,dj_night,2024-12-03 20:01:38,2024-12-03 22:08:38,Tuesday,210,85,47,4.9,12,34,94,0
109,45,techno_party,2024-12-13 20:56:29,2024-12-13 23:44:29,Friday,207,70,64,4.5,22,25,103,0
110,43,techno_party,2024-06-16 17:38:34,2024-06-16 21:00:34,Sunday,201,83,66,3.6,22,27,91,1
111,10,comedy,2024-11-04 17:03:34,2024-11-04 20:07:34,Monday,197,99,49,4.2,17,39,108,0
112,14,concert,2025-01-19 10:28:09,2025-01-19 12:43:09,Sunday,210,84,75,4.4,15,25,111,1
113,48,open_mic,2024-07-15 08:19:05,2024-07-15 11:47:05,Monday,204,74,64,4.6,15,22,110,1
114,48,dj_night,2024-06-13 17:32:11,2024-06-13 18:47:11,Thursday,210,71,67,4.3,18,23,96,0
115,4,open_mic,2024-10-07 19:05:32,2024-10-07 20:19:32,Monday,220,77,65,3.2,24,31,104,1
116,33,open_mic,2024-09-05 15:17:45,2024-09-05 18:19:45,Thursday,202,83,68,4.6,25,20,95,0
117,4,open_mic,2024-07-25 02:36:39,2024-07-25 04:16:39,Thursday,213,78,56,4.0,21,32,104,1
118,12,concert,2025-04-05 15:47:09,2025-04-05 17:07:09,Saturday,196,77,62,3.9,18,12,111,1
119,5,techno_party,2024-12-15 19:44:42,2024-12-15 23:16:42,Sunday,190,71,59,4.0,19,35,103,0
120,26,concert,2025-01-03 12:38:57,2025-01-03 14:38:57,Friday,206,63,55,4.9,16,34,109,1
121,16,open_mic,2024-11-13 13:39:46,2024-11-13 17:04:46,Wednesday,159,94,61,4.4,29,29,92,1
122,3,open_mic,2024-07-05 13:28:36,2024-07-05 17:00:36,Friday,203,76,51,3.9,21,34,106,1
123,27,techno_party,2025-01-02 03:34:56,2025-01-02 04:54:56,Thursday,198,91,59,4.3,11,35,90,1
124,37,open_mic,2024-08-15 05:02:56,2024-08-15 08:31:56,Thursday,193,80,70,5.0,26,35,81,0
125,17,comedy,2025-03-04 14:27:51,2025-03-04 16:47:51,Tuesday,201,67,68,4.1,17,31,109,0
126,46,dj_night,2025-02-03 15:42:59,2025-02-03 19:33:59,Monday,201,85,56,3.3,27,25,115,1
127,17,karaoke,2025-02-06 15:21:30,2025-02-06 17:22:30,Thursday,198,65,68,4.0,22,38,89,1
128,43,techno_party,2024-05-02 23:53:40,2024-05-03 01:26:40,Thursday,201,93,65,4.2,20,27,111,1
129,30,dj_night,2024-07-09 05:23:51,2024-07-09 07:39:51,Tuesday,200,76,65,3.9,14,29,104,1
130,1,karaoke,2025-02-24 10:16:13,2025-02-24 11:34:13,Monday,216,68,56,3.8,12,37,111,0
131,37,concert,2024-04-23 17:42:39,2024-04-23 21:21:39,Tuesday,208,75,63,4.2,24,26,105,1
132,35,comedy,2025-02-17 22:05:08,2025-02-17 23:23:08,Monday,198,91,49,4.2,28,37,116,0
133,17,comedy,2024-08-11 18:45:01,2024-08-11 21:54:01,Sunday,210,90,70,4.2,13,27,94,0
134,5,comedy,2024-09-14 01:38:30,2024-09-14 04:07:30,Saturday,217,82,52,4.9,16,30,111,1
135,19,comedy,2024-07-24 06:02:27,2024-07-24 08:36:27,Wednesday,178,84,71,2.6,17,35,115,0
136,35,techno_party,2024-05-06 23:26:15,2024-05-07 02:18:15,Monday,205,85,60,4.3,18,32,100,1
137,40,techno_party,2024-07-02 05:01:03,2024-07-02 07:18:03,Tuesday,189,79,50,3.3,21,25,91,1
138,1,techno_party,2025-03-31 21:33:37,2025-04-01 00:48:37,Monday,193,82,55,4.0,19,32,95,0
139,20,techno_party,2024-11-17 13:00:58,2024-11-17 16:21:58,Sunday,200,74,58,4.1,21,36,104,1
140,9,dj_night,2025-03-17 14:51:11,2025-03-17 16:17:11,Monday,171,85,57,4.3,18,29,82,1
141,7,techno_party,2025-01-15 01:57:39,2025-01-15 03:26:39,Wednesday,229,85,62,4.4,21,34,115,1
142,10,dj_night,2024-08-11 11:31:31,2024-08-11 14:52:31,Sunday,182,78,60,4.1,9,31,107,0
143,39,comedy,2024-07-02 20:20:16,2024-07-02 22:32:16,Tuesday,208,85,55,4.7,27,27,96,0
144,14,techno_party,2024-12-21 19:38:46,2024-12-21 22:05:46,Saturday,208,70,56,3.9,22,20,94,0
145,17,open_mic,2024-10-22 03:41:15,2024-10-22 07:23:15,Tuesday,194,85,60,4.3,18,24,108,1
146,17,concert,2024-09-11 22:04:17,2024-09-12 01:09:17,Wednesday,221,102,71,4.0,18,27,88,1
147,41,karaoke,2025-03-20 20:21:34,2025-03-20 21:44:34,Thursday,211,78,54,3.9,21,31,98,1
148,3,concert,2025-04-01 10:42:58,2025-04-01 12:52:58,Tuesday,219,82,52,3.8,21,34,113,0
149,50,comedy,2024-12-16 22:19:43,2024-12-17 00:44:43,Monday,181,74,76,4.2,20,31,93,0
150,17,comedy,2024-10-06 11:19:27,2024-10-06 15:02:27,Sunday,195,80,58,4.0,24,43,98,0
151,36,techno_party,2024-06-05 18:10:29,2024-06-05 21:03:29,Wednesday,198,83,64,3.6,17,35,105,1
152,36,concert,2024-07-23 03:22:37,2024-07-23 06:11:37,Tuesday,216,69,66,4.2,21,30,97,1
153,5,techno_party,2024-06-04 11:57:50,2024-06-04 13:25:50,Tuesday,194,81,46,4.3,10,28,92,0
154,35,concert,2024-07-16 01:14:59,2024-07-16 02:52:59,Tuesday,226,94,59,4.5,21,32,114,1
155,38,open_mic,2025-01-25 14:18:56,2025-01-25 16:52:56,Saturday,203,64,54,4.2,21,23,93,1
156,28,comedy,2024-11-15 06:50:42,2024-11-15 08:27:42,Friday,182,75,60,4.3,17,34,85,1
157,20,dj_night,2024-11-06 14:08:50,2024-11-06 15:18:50,Wednesday,216,78,57,4.1,20,32,106,0
158,23,comedy,2024-07-22 07:26:39,2024-07-22 08:36:39,Monday,209,67,63,3.7,20,29,96,1
159,16,techno_party,2025-01-26 09:11:18,2025-01-26 13:05:18,Sunday,212,89,53,4.5,16,32,87,0
160,23,open_mic,2024-11-24 07:15:04,2024-11-24 08:41:04,Sunday,192,77,55,4.0,11,30,111,1
161,40,techno_party,2024-09-24 15:48:27,2024-09-24 18:32:27,Tuesday,193,68,60,5.2,32,33,109,1
162,16,comedy,2025-03-25 22:49:50,2025-03-26 00:28:50,Tuesday,214,73,55,4.4,20,28,94,0
163,27,concert,2024-11-23 21:26:09,2024-11-23 23:11:09,Saturday,217,93,67,3.2,11,26,108,1
164,48,dj_night,2024-09-13 09:11:51,2024-09-13 10:56:51,Friday,202,64,53,3.6,14,35,88,0
165,43,techno_party,2024-08-29 20:33:59,2024-08-29 23:18:59,Thursday,195,73,73,4.5,23,23,104,1
166,18,comedy,2024-07-05 10:43:57,2024-07-05 12:46:57,Friday,235,73,64,4.0,17,29,98,1
167,7,karaoke,2024-06-03 23:51:37,2024-06-04 03:50:37,Monday,198,91,80,3.2,19,20,108,1
168,31,comedy,2024-10-26 03:38:39,2024-10-26 04:47:39,Saturday,209,84,51,4.2,24,28,91,1
169,30,dj_night,2024-10-19 22:24:57,2024-10-20 00:15:57,Saturday,192,86,58,5.0,14,28,108,1
170,15,comedy,2024-05-16 13:51:07,2024-05-16 16:09:07,Thursday,232,76,54,3.9,18,25,117,1
171,43,comedy,2025-01-29 18:54:55,2025-01-29 20:00:55,Wednesday,188,55,70,4.1,19,30,93,0
172,22,dj_night,2024-04-29 13:40:17,2024-04-29 16:22:17,Monday,197,79,53,4.3,15,37,82,0
173,50,dj_night,2025-03-11 16:34:33,2025-03-11 17:51:33,Tuesday,200,89,56,4.3,15,31,98,1
174,42,open_mic,2024-05-23 20:31:08,2024-05-23 23:00:08,Thursday,212,78,53,4.6,17,46,105,0
175,44,open_mic,2024-06-09 15:05:57,2024-06-09 17:47:57,Sunday,197,75,68,4.4,24,31,83,0
176,2,concert,2024-12-10 22:44:09,2024-12-11 01:08:09,Tuesday,184,82,41,3.9,21,34,85,1
177,12,open_mic,2024-06-12 09:39:19,2024-06-12 11:45:19,Wednesday,195,90,65,4.1,17,24,112,0
178,3,concert,2025-02-12 21:13:47,2025-02-12 23:20:47,Wednesday,202,80,51,4.2,23,25,110,0
179,28,dj_night,2024-12-31 13:03:34,2024-12-31 16:35:34,Tuesday,169,86,52,2.9,15,26,105,1
180,28,open_mic,2024-09-22 05:19:51,2024-09-22 07:39:51,Sunday,205,60,55,4.5,18,27,97,0
181,8,karaoke,2024-11-28 21:27:00,2024-11-29 00:37:00,Thursday,191,85,44,4.1,22,25,108,1
182,13,dj_night,2024-05-05 22:38:10,2024-05-06 02:05:10,Sunday,190,80,84,4.3,19,33,95,1
183,46,karaoke,2024-09-07 16:48:22,2024-09-07 17:59:22,Saturday,187,74,62,3.7,21,32,92,0
184,34,open_mic,2024-09-06 11:27:52,2024-09-06 12:27:52,Friday,204,74,48,3.9,29,38,102,0
185,47,techno_party,2024-11-28 16:35:51,2024-11-28 20:30:51,Thursday,196,82,59,4.6,15,50,84,0
186,13,dj_night,2024-10-10 01:03:22,2024-10-10 04:54:22,Thursday,197,78,63,3.8,16,21,113,1
187,5,techno_party,2024-11-02 18:13:05,2024-11-02 21:03:05,Saturday,189,74,45,4.3,22,42,110,0
188,40,dj_night,2024-07-17 21:51:51,2024-07-18 00:15:51,Wednesday,202,83,66,4.7,12,39,101,1
189,8,techno_party,2024-11-12 02:57:14,2024-11-12 06:46:14,Tuesday,221,88,63,3.7,19,41,111,1
190,33,dj_night,2025-03-11 13:33:47,2025-03-11 15:49:47,Tuesday,200,80,48,4.9,19,26,89,1
191,27,dj_night,2024-04-15 17:31:33,2024-04-15 21:21:33,Monday,207,89,49,3.5,20,28,111,1
192,45,dj_night,2024-12-31 11:12:57,2024-12-31 13:55:57,Tuesday,223,75,60,3.6,26,28,100,0
193,9,comedy,2025-01-16 04:07:45,2025-01-16 07:28:45,Thursday,207,91,59,4.2,15,25,89,0
194,43,karaoke,2024-05-25 18:12:52,2024-05-25 20:59:52,Saturday,210,70,71,3.5,18,25,103,1
195,48,comedy,2025-01-01 00:30:58,2025-01-01 04:23:58,Wednesday,195,83,58,4.9,23,30,113,1
196,37,dj_night,2025-03-20 21:20:27,2025-03-21 00:57:27,Thursday,180,67,50,4.2,16,38,100,1
197,36,concert,2024-11-05 19:26:28,2024-11-05 22:09:28,Tuesday,213,79,63,4.1,25,27,99,0
198,19,comedy,2025-01-27 21:12:12,2025-01-27 23:29:12,Monday,220,64,53,4.9,26,20,82,0
199,38,open_mic,2024-07-23 21:30:21,2024-07-24 00:20:21,Tuesday,202,72,57,3.7,23,33,91,1
200,21,karaoke,2025-02-03 18:22:27,2025-02-03 22:09:27,Monday,212,63,62,2.9,20,33,107,1
201,29,techno_party,2024-12-16 04:42:43,2024-12-16 07:35:43,Monday,220,94,62,4.1,22,30,93,1
202,33,karaoke,2024-08-21 09:10:48,2024-08-21 11:04:48,Wednesday,189,78,60,4.5,12,28,105,1
203,43,concert,2024-05-24 14:15:23,2024-05-24 15:58:23,Friday,208,98,56,4.3,16,26,110,0
204,33,techno_party,2024-08-03 06:08:04,2024-08-03 08:20:04,Saturday,186,85,58,3.5,17,37,102,0
205,40,dj_night,2024-09-27 02:49:15,2024-09-27 06:31:15,Friday,192,93,68,4.2,11,34,92,1
206,49,comedy,2024-06-11 16:39:07,2024-06-11 18:02:07,Tuesday,182,76,61,3.2,22,32,103,0
207,20,comedy,2024-10-04 11:31:35,2024-10-04 15:23:35,Friday,218,87,65,4.2,18,35,103,1
208,10,concert,2024-04-12 12:45:48,2024-04-12 14:35:48,Friday,207,77,51,3.3,23,32,88,1
209,16,karaoke,2025-01-16 16:54:02,2025-01-16 18:05:02,Thursday,185,79,69,4.8,31,30,88,1
210,50,concert,2025-03-17 10:03:21,2025-03-17 13:39:21,Monday,225,82,43,4.4,19,32,114,1
211,27,techno_party,2025-01-15 18:25:30,2025-01-15 21:21:30,Wednesday,186,74,72,4.0,25,27,83,1
212,13,techno_party,2024-07-22 13:28:43,2024-07-22 16:55:43,Monday,187,79,48,4.2,19,35,94,1
213,25,karaoke,2024-10-22 16:18:56,2024-10-22 20:16:56,Tuesday,189,85,53,3.8,26,21,94,0
214,16,comedy,2025-02-01 04:31:02,2025-02-01 07:13:02,Saturday,182,80,63,3.5,20,29,111,1
215,45,concert,2024-06-19 15:40:16,2024-06-19 19:27:16,Wednesday,198,82,56,3.9,15,34,99,1
216,50,karaoke,2024-10-25 10:27:04,2024-10-25 11:54:04,Friday,218,75,66,4.4,15,31,104,1
217,12,techno_party,2025-03-31 16:49:22,2025-03-31 18:45:22,Monday,195,69,52,3.7,25,31,96,1
218,30,concert,2024-05-22 14:20:08,2024-05-22 17:32:08,Wednesday,177,90,52,3.7,16,37,93,0
219,16,concert,2025-03-15 08:20:10,2025-03-15 11:42:10,Saturday,213,87,59,4.0,28,26,92,1
220,9,karaoke,2024-12-10 02:44:06,2024-12-10 05:40:06,Tuesday,199,69,58,3.5,19,24,90,1
221,34,open_mic,2024-08-05 04:13:19,2024-08-05 08:03:19,Monday,205,80,43,3.0,25,25,107,0
222,21,karaoke,2025-03-04 03:26:30,2025-03-04 06:58:30,Tuesday,191,77,57,4.9,14,25,102,1
223,47,open_mic,2024-12-15 09:57:21,2024-12-15 13:33:21,Sunday,173,90,67,3.9,31,40,103,1
224,36,karaoke,2024-10-25 10:16:33,2024-10-25 13:05:33,Friday,220,74,81,4.0,23,27,83,1
225,48,karaoke,2024-12-03 18:31:43,2024-12-03 20:11:43,Tuesday,193,97,57,4.2,19,26,105,0
226,17,comedy,2024-06-27 12:30:03,2024-06-27 15:25:03,Thursday,203,89,44,3.4,16,28,116,0
227,18,open_mic,2024-06-09 15:04:48,2024-06-09 18:47:48,Sunday,190,71,58,4.2,20,30,103,1
228,41,comedy,2024-09-03 11:38:40,2024-09-03 14:42:40,Tuesday,180,94,65,3.7,28,31,115,1
229,29,concert,2025-02-01 09:37:50,2025-02-01 11:47:50,Saturday,214,82,53,4.8,20,24,94,0
230,16,dj_night,2024-06-13 00:15:40,2024-06-13 02:28:40,Thursday,194,79,63,4.3,21,30,96,1
231,21,open_mic,2024-11-06 17:53:30,2024-11-06 20:18:30,Wednesday,187,79,69,4.6,25,29,119,0
232,9,comedy,2025-02-07 15:50:23,2025-02-07 17:10:23,Friday,208,78,61,3.8,12,22,120,1
233,25,techno_party,2025-04-04 12:13:25,2025-04-04 14:12:25,Friday,194,77,68,3.3,13,29,105,1
234,46,comedy,2024-11-03 05:46:10,2024-11-03 07:25:10,Sunday,185,90,58,3.6,26,25,91,0
235,27,karaoke,2025-04-02 23:29:41,2025-04-03 00:45:41,Wednesday,224,83,66,3.6,23,31,98,0
236,35,karaoke,2024-04-11 11:50:43,2024-04-11 14:14:43,Thursday,189,80,55,4.9,18,26,97,1
237,4,comedy,2024-11-29 21:04:59,2024-11-29 23:50:59,Friday,207,99,67,4.8,23,41,104,1
238,25,open_mic,2024-08-15 03:52:06,2024-08-15 06:39:06,Thursday,202,70,58,4.5,27,28,103,1
239,2,open_mic,2024-10-18 00:39:01,2024-10-18 04:37:01,Friday,188,96,43,3.0,17,31,93,1
240,31,concert,2024-04-18 20:03:05,2024-04-18 22:40:05,Thursday,222,81,58,4.7,24,25,119,1
241,20,karaoke,2024-05-24 17:11:51,2024-05-24 19:41:51,Friday,193,65,66,2.5,18,30,102,0
242,35,techno_party,2025-04-07 02:20:30,2025-04-07 05:07:30,Monday,183,74,58,3.8,11,28,90,1
243,39,comedy,2024-08-30 05:44:27,2024-08-30 09:03:27,Friday,220,74,58,4.5,22,28,107,0
244,15,dj_night,2025-03-18 12:47:47,2025-03-18 15:51:47,Tuesday,190,88,62,4.3,17,32,98,1
245,32,concert,2025-02-28 06:11:58,2025-02-28 09:02:58,Friday,217,97,68,3.5,24,37,105,1
246,22,techno_party,2025-02-18 14:12:04,2025-02-18 16:51:04,Tuesday,207,83,62,3.7,17,25,92,0
247,26,techno_party,2024-08-08 16:45:15,2024-08-08 20:38:15,Thursday,187,68,69,3.6,20,27,92,0
248,30,comedy,2024-07-13 06:22:20,2024-07-13 08:04:20,Saturday,197,70,62,4.6,20,21,95,1
249,35,concert,2024-05-03 18:25:00,2024-05-03 22:04:00,Friday,183,74,67,4.2,17,26,105,1
250,38,open_mic,2024-07-13 19:36:03,2024-07-13 22:16:03,Saturday,193,81,50,4.1,22,28,109,1
251,2,concert,2025-03-18 06:09:27,2025-03-18 09:58:27,Tuesday,209,73,61,4.0,20,31,103,1
252,28,comedy,2024-11-17 14:39:53,2024-11-17 18:23:53,Sunday,178,66,61,4.3,25,27,105,1
253,12,concert,2024-05-11 20:35:02,2024-05-11 23:33:02,Saturday,182,68,64,4.3,20,32,98,0
254,25,dj_night,2024-05-14 12:51:46,2024-05-14 14:57:46,Tuesday,186,104,59,4.2,20,19,102,1
255,30,dj_night,2025-01-20 12:23:17,2025-01-20 14:17:17,Monday,206,58,64,4.5,21,28,99,0
256,49,karaoke,2024-10-17 00:16:27,2024-10-17 02:42:27,Thursday,202,95,56,3.2,24,27,97,1
257,49,karaoke,2025-02-22 04:24:10,2025-02-22 06:35:10,Saturday,196,73,57,4.0,15,28,86,1
258,6,karaoke,2024-05-08 03:37:20,2024-05-08 05:41:20,Wednesday,195,78,76,2.9,30,30,102,1
259,48,open_mic,2025-01-31 15:50:27,2025-01-31 16:54:27,Friday,181,70,53,5.1,26,27,101,1
260,23,comedy,2024-11-04 03:41:46,2024-11-04 04:54:46,Monday,222,74,51,4.6,21,41,102,1
261,5,techno_party,2025-02-02 16:36:33,2025-02-02 20:22:33,Sunday,199,90,55,4.2,22,21,93,1
262,49,concert,2024-05-30 02:41:16,2024-05-30 03:51:16,Thursday,206,61,72,2.7,16,36,96,1
263,13,concert,2024-05-31 03:12:36,2024-05-31 05:15:36,Friday,215,88,58,5.1,16,31,80,0
264,10,comedy,2024-12-23 11:50:18,2024-12-23 15:29:18,Monday,201,84,59,4.4,15,28,97,1
265,31,techno_party,2024-10-12 20:28:04,2024-10-12 22:00:04,Saturday,195,69,45,4.8,26,44,85,1
266,37,comedy,2024-11-10 19:03:21,2024-11-10 20:32:21,Sunday,202,90,46,4.9,14,30,88,1
267,45,dj_night,2024-06-14 09:36:35,2024-06-14 12:35:35,Friday,175,84,58,3.8,18,32,94,1
268,11,open_mic,2024-07-23 05:01:18,2024-07-23 07:35:18,Tuesday,178,88,61,4.0,28,26,92,0
269,48,techno_party,2024-11-02 04:47:28,2024-11-02 08:22:28,Saturday,188,78,52,4.6,19,37,106,1
270,50,comedy,2025-03-16 02:10:49,2025-03-16 03:39:49,Sunday,202,68,58,3.6,18,30,96,1
271,7,open_mic,2024-12-02 20:22:48,2024-12-02 22:41:48,Monday,184,81,53,4.0,24,26,102,0
272,20,open_mic,2024-09-22 14:26:47,2024-09-22 15:32:47,Sunday,204,68,58,3.9,20,26,120,1
273,25,karaoke,2024-07-02 12:37:02,2024-07-02 16:30:02,Tuesday,177,81,60,4.1,26,36,102,1
274,5,open_mic,2025-04-07 00:36:58,2025-04-07 02:26:58,Monday,186,75,62,4.5,21,21,100,1
275,41,comedy,2024-11-06 17:07:07,2024-11-06 21:03:07,Wednesday,196,84,75,5.2,22,34,114,1
276,45,dj_night,2025-01-29 14:05:48,2025-01-29 15:31:48,Wednesday,221,72,70,3.3,22,34,94,1
277,39,concert,2025-01-19 17:57:56,2025-01-19 21:52:56,Sunday,227,88,58,4.6,21,30,98,0
278,3,dj_night,2025-01-04 04:32:50,2025-01-04 07:56:50,Saturday,188,74,57,4.4,18,19,85,1
279,28,techno_party,2024-06-28 09:22:43,2024-06-28 12:38:43,Friday,214,75,70,4.2,29,27,104,1
280,5,open_mic,2025-01-13 03:40:51,2025-01-13 06:14:51,Monday,192,91,78,3.6,22,27,87,0
281,22,concert,2024-08-10 07:55:17,2024-08-10 11:40:17,Saturday,207,92,59,3.4,25,24,100,1
282,32,concert,2024-09-13 05:23:33,2024-09-13 08:10:33,Friday,215,86,69,3.8,23,37,86,0
283,24,techno_party,2024-12-28 03:05:28,2024-12-28 05:55:28,Saturday,207,74,76,3.7,14,28,95,1
284,46,comedy,2024-12-19 15:49:03,2024-12-19 18:46:03,Thursday,219,80,46,4.7,21,29,90,0
285,12,techno_party,2024-09-03 07:02:46,2024-09-03 09:53:46,Tuesday,197,73,60,4.4,18,25,91,0
286,42,dj_night,2024-09-28 09:54:13,2024-09-28 13:07:13,Saturday,216,70,45,3.9,28,22,95,0
287,35,karaoke,2025-03-26 15:31:33,2025-03-26 19:08:33,Wednesday,209,72,52,4.6,18,33,108,1
288,28,techno_party,2024-10-29 06:40:17,2024-10-29 09:39:17,Tuesday,178,76,58,3.8,25,36,94,1
289,18,dj_night,2024-10-03 14:40:15,2024-10-03 18:11:15,Thursday,173,81,58,3.0,11,27,89,1
290,6,dj_night,2024-05-28 06:21:21,2024-05-28 08:23:21,Tuesday,206,71,61,4.0,31,37,112,1
291,16,karaoke,2024-07-16 13:09:46,2024-07-16 16:04:46,Tuesday,223,93,55,3.3,21,33,94,0
292,40,techno_party,2024-07-07 12:50:45,2024-07-07 16:15:45,Sunday,210,69,47,3.2,19,43,75,1
293,22,concert,2024-05-06 03:16:46,2024-05-06 05:53:46,Monday,231,87,67,3.4,22,20,94,1
294,21,comedy,2024-08-20 13:42:03,2024-08-20 16:48:03,Tuesday,183,89,50,4.2,16,32,106,0
295,14,dj_night,2024-04-19 10:34:06,2024-04-19 13:38:06,Friday,187,89,49,4.6,17,32,97,1
296,22,dj_night,2024-11-25 17:56:58,2024-11-25 20:02:58,Monday,191,94,60,3.4,16,31,101,1
297,45,dj_night,2024-11-12 09:26:16,2024-11-12 12:58:16,Tuesday,193,87,62,3.2,19,44,100,0
298,1,open_mic,2024-07-09 15:20:23,2024-07-09 18:42:23,Tuesday,203,89,58,3.9,18,41,107,0
299,6,comedy,2024-11-25 19:10:27,2024-11-25 20:58:27,Monday,196,77,59,4.7,15,31,94,1
300,32,open_mic,2024-07-05 19:05:23,2024-07-05 21:49:23,Friday,197,93,65,3.3,19,25,92,0
301,45,karaoke,2024-04-14 01:32:18,2024-04-14 03:33:18,Sunday,202,86,65,4.0,18,22,110,1
302,46,karaoke,2024-05-08 20:13:06,2024-05-08 23:58:06,Wednesday,199,76,47,4.2,25,29,106,0
303,2,concert,2025-01-11 04:04:14,2025-01-11 06:58:14,Saturday,186,58,61,3.6,30,40,93,0
304,15,karaoke,2024-12-12 08:49:15,2024-12-12 11:04:15,Thursday,181,81,62,4.9,18,31,105,0
305,16,dj_night,2024-05-04 03:15:29,2024-05-04 07:12:29,Saturday,200,76,52,5.0,19,31,100,0
306,38,dj_night,2024-07-09 04:24:25,2024-07-09 08:13:25,Tuesday,193,87,60,3.6,16,29,85,1
307,36,open_mic,2024-05-07 10:43:53,2024-05-07 13:44:53,Tuesday,186,87,62,4.0,25,29,98,1
308,28,techno_party,2025-03-28 21:38:28,2025-03-29 00:06:28,Friday,193,67,48,3.7,26,33,104,1
309,22,dj_night,2024-04-23 11:18:17,2024-04-23 14:38:17,Tuesday,211,75,44,4.1,21,27,102,1
310,30,dj_night,2025-03-11 02:53:51,2025-03-11 06:52:51,Tuesday,195,64,75,4.4,14,35,114,0
311,17,comedy,2024-08-17 14:19:54,2024-08-17 16:37:54,Saturday,205,75,72,3.4,15,30,103,1
312,47,comedy,2024-05-08 18:57:12,2024-05-08 20:27:12,Wednesday,199,68,67,4.5,21,21,116,0
313,8,techno_party,2024-10-27 22:47:50,2024-10-28 01:07:50,Sunday,207,98,56,4.3,23,28,104,0
314,49,techno_party,2024-07-12 16:52:44,2024-07-12 20:09:44,Friday,195,78,53,3.7,24,32,107,1
315,13,comedy,2024-07-28 10:06:40,2024-07-28 11:53:40,Sunday,191,70,58,4.5,15,33,106,1
316,18,techno_party,2024-12-27 01:50:23,2024-12-27 04:53:23,Friday,207,78,72,4.1,21,37,99,0
317,49,open_mic,2024-10-16 18:54:21,2024-10-16 22:24:21,Wednesday,208,91,45,4.5,16,31,94,0
318,19,concert,2024-07-03 11:20:48,2024-07-03 14:52:48,Wednesday,192,68,67,3.9,16,27,100,0
319,19,comedy,2024-11-06 16:32:22,2024-11-06 18:21:22,Wednesday,198,66,55,3.8,20,29,109,0
320,12,dj_night,2024-06-01 15:45:02,2024-06-01 18:17:02,Saturday,221,81,57,4.2,27,44,99,0
321,46,open_mic,2025-01-17 04:38:58,2025-01-17 05:41:58,Friday,183,74,43,4.2,17,21,95,0
322,18,concert,2025-04-09 14:08:22,2025-04-09 15:40:22,Wednesday,231,81,54,2.6,23,31,97,0
323,36,dj_night,2025-03-19 22:55:16,2025-03-20 00:08:16,Wednesday,217,83,61,4.1,21,35,97,1
324,9,techno_party,2024-11-19 01:01:20,2024-11-19 04:59:20,Tuesday,212,88,56,4.0,16,30,100,0
325,7,concert,2024-11-21 01:11:48,2024-11-21 04:16:48,Thursday,203,69,70,3.6,13,28,125,1
326,19,karaoke,2024-10-11 20:07:41,2024-10-11 23:33:41,Friday,198,81,55,4.7,10,28,94,1
327,29,dj_night,2024-07-14 15:24:48,2024-07-14 18:26:48,Sunday,186,78,64,3.6,22,31,91,1
328,4,dj_night,2025-02-09 23:41:53,2025-02-10 01:28:53,Sunday,216,72,78,4.1,16,32,87,1
329,8,concert,2024-10-11 22:56:32,2024-10-12 01:58:32,Friday,187,85,57,3.7,12,26,112,0
330,32,concert,2025-02-18 20:55:57,2025-02-18 23:37:57,Tuesday,192,85,58,4.4,23,27,94,0
331,41,techno_party,2024-09-16 08:35:19,2024-09-16 12:02:19,Monday,188,83,51,3.2,20,31,102,1
332,10,comedy,2024-06-24 05:15:50,2024-06-24 06:28:50,Monday,168,80,52,4.3,17,29,118,0
333,20,concert,2024-05-17 21:41:42,2024-05-18 01:05:42,Friday,179,89,49,4.1,22,30,104,1
334,8,open_mic,2024-05-18 21:58:32,2024-05-19 00:01:32,Saturday,191,68,67,4.6,13,37,99,0
335,39,open_mic,2024-12-23 04:40:45,2024-12-23 07:26:45,Monday,218,83,49,3.7,17,41,111,1
336,15,open_mic,2024-09-25 16:12:11,2024-09-25 19:50:11,Wednesday,210,84,55,3.8,22,23,98,1
337,29,karaoke,2024-08-26 20:48:27,2024-08-26 23:25:27,Monday,215,79,58,4.1,17,28,96,0
338,38,karaoke,2024-09-22 18:33:14,2024-09-22 20:49:14,Sunday,209,75,64,4.3,21,38,99,0
339,37,open_mic,2024-09-17 22:15:57,2024-09-18 00:33:57,Tuesday,215,78,70,3.3,19,31,108,1
340,40,techno_party,2024-10-09 15:30:01,2024-10-09 16:45:01,Wednesday,186,61,69,4.1,25,27,93,0
341,49,comedy,2025-03-12 18:03:25,2025-03-12 19:28:25,Wednesday,205,87,53,4.4,15,36,103,0
342,14,dj_night,2025-01-19 09:59:40,2025-01-19 13:39:40,Sunday,216,87,55,4.2,15,24,100,1
343,6,comedy,2024-05-02 07:25:37,2024-05-02 11:14:37,Thursday,183,80,51,3.7,22,34,98,0
344,12,open_mic,2024-12-28 18:43:38,2024-12-28 20:44:38,Saturday,191,76,54,3.8,17,22,116,0
345,11,concert,2024-12-21 01:09:41,2024-12-21 02:28:41,Saturday,198,85,52,3.9,24,23,90,1
346,29,techno_party,2024-12-18 05:20:48,2024-12-18 08:04:48,Wednesday,225,76,61,3.5,22,26,99,1
347,31,dj_night,2024-05-19 11:50:09,2024-05-19 15:22:09,Sunday,184,73,49,3.9,22,29,120,0
348,15,dj_night,2024-05-04 19:27:57,2024-05-04 20:35:57,Saturday,210,63,73,4.4,23,34,96,1
349,19,techno_party,2024-09-14 15:13:02,2024-09-14 19:13:02,Saturday,215,84,62,4.4,17,30,128,1
350,5,techno_party,2025-01-19 01:57:27,2025-01-19 04:53:27,Sunday,178,89,47,3.7,19,26,79,1
351,17,techno_party,2024-08-21 01:02:40,2024-08-21 03:01:40,Wednesday,226,90,65,3.8,22,28,110,0
352,43,comedy,2025-02-16 04:34:40,2025-02-16 08:04:40,Sunday,204,78,63,3.5,14,25,107,1
353,8,open_mic,2025-03-11 21:53:06,2025-03-12 00:41:06,Tuesday,217,77,50,4.0,19,34,107,0
354,42,comedy,2024-05-23 16:58:34,2024-05-23 18:55:34,Thursday,204,73,68,3.8,17,33,100,0
355,10,concert,2024-07-16 20:09:36,2024-07-16 22:17:36,Tuesday,199,82,67,4.3,20,29,117,0
356,11,dj_night,2024-06-24 16:15:50,2024-06-24 17:30:50,Monday,201,81,57,4.8,22,35,89,0
357,48,open_mic,2024-06-24 03:23:25,2024-06-24 06:55:25,Monday,209,80,55,4.2,16,35,103,1
358,29,concert,2024-11-05 13:03:37,2024-11-05 15:16:37,Tuesday,193,86,53,3.5,17,25,95,1
359,45,dj_night,2024-10-02 11:53:46,2024-10-02 14:52:46,Wednesday,208,69,67,4.1,17,28,97,1
360,26,dj_night,2024-06-04 17:06:31,2024-06-04 21:05:31,Tuesday,221,90,52,3.8,25,42,88,1
361,35,karaoke,2024-09-22 02:44:12,2024-09-22 05:52:12,Sunday,206,103,50,4.4,22,29,82,1
362,6,open_mic,2024-06-21 12:44:50,2024-06-21 15:36:50,Friday,212,69,63,4.1,12,26,100,0
363,28,techno_party,2024-07-28 10:44:38,2024-07-28 11:54:38,Sunday,182,81,58,3.9,26,34,104,0
364,39,dj_night,2024-10-07 22:31:16,2024-10-08 00:53:16,Monday,188,73,70,3.8,26,23,89,0
365,6,comedy,2024-07-17 06:52:47,2024-07-17 07:58:47,Wednesday,179,80,61,4.0,20,36,97,1
366,37,open_mic,2025-03-16 21:18:53,2025-03-17 01:10:53,Sunday,203,88,56,4.6,17,29,101,1
367,49,techno_party,2025-04-04 19:58:26,2025-04-04 21:03:26,Friday,198,77,54,3.6,23,29,95,1
368,37,concert,2024-05-10 13:09:11,2024-05-10 15:17:11,Friday,210,91,70,4.3,23,39,89,1
369,31,open_mic,2024-09-30 08:47:34,2024-09-30 10:31:34,Monday,225,74,54,4.3,20,23,96,1
370,29,dj_night,2025-02-19 01:49:41,2025-02-19 05:35:41,Wednesday,175,66,75,4.3,24,28,113,1
371,38,karaoke,2025-03-11 18:52:13,2025-03-11 20:38:13,Tuesday,200,83,62,4.4,15,26,92,1
372,32,concert,2025-03-09 16:42:16,2025-03-09 20:24:16,Sunday,183,83,69,4.5,20,24,95,1
373,23,karaoke,2024-11-10 23:55:07,2024-11-11 02:55:07,Sunday,213,69,65,3.6,16,25,106,0
374,21,techno_party,2024-05-19 07:05:25,2024-05-19 09:30:25,Sunday,206,100,56,4.2,14,27,110,1
375,11,dj_night,2024-04-30 22:01:56,2024-04-30 23:27:56,Tuesday,195,89,52,4.1,24,31,101,1
376,45,karaoke,2024-12-20 12:56:45,2024-12-20 15:41:45,Friday,216,84,71,3.6,13,34,103,0
377,43,karaoke,2024-11-07 05:09:35,2024-11-07 07:22:35,Thursday,209,79,56,4.5,22,36,86,1
378,3,karaoke,2025-03-01 22:51:24,2025-03-02 02:11:24,Saturday,178,84,74,2.9,21,32,96,1
379,21,dj_night,2024-04-17 00:04:05,2024-04-17 01:26:05,Wednesday,215,87,53,3.9,32,23,123,0
380,8,karaoke,2024-05-17 11:47:13,2024-05-17 14:09:13,Friday,219,65,56,4.5,19,35,98,1
381,1,techno_party,2025-04-06 00:52:51,2025-04-06 04:03:51,Sunday,201,76,64,4.1,23,32,103,1
382,30,karaoke,2025-01-28 22:15:16,2025-01-29 01:33:16,Tuesday,194,78,43,3.9,23,30,107,1
383,13,open_mic,2025-03-06 20:55:57,2025-03-06 22:08:57,Thursday,198,73,63,3.6,21,39,101,0
384,40,karaoke,2024-07-12 01:43:53,2024-07-12 04:15:53,Friday,207,79,59,3.9,21,24,111,1
385,29,concert,2024-06-14 20:38:48,2024-06-15 00:18:48,Friday,227,72,66,4.4,19,31,93,1
386,18,open_mic,2024-09-16 02:34:06,2024-09-16 04:26:06,Monday,196,74,56,5.2,26,37,114,1
387,19,karaoke,2024-10-16 21:01:06,2024-10-16 22:34:06,Wednesday,200,59,69,3.8,18,34,79,1
388,32,concert,2024-10-15 05:06:02,2024-10-15 09:04:02,Tuesday,212,82,60,3.3,21,22,101,1
389,41,open_mic,2024-07-03 06:47:03,2024-07-03 07:54:03,Wednesday,209,82,45,3.1,27,32,75,1
390,46,comedy,2025-03-13 01:38:26,2025-03-13 03:39:26,Thursday,190,61,66,3.6,25,40,86,1
391,36,concert,2024-09-14 00:28:53,2024-09-14 02:47:53,Saturday,204,83,52,3.9,19,32,97,0
392,27,concert,2025-03-27 17:53:31,2025-03-27 21:14:31,Thursday,182,88,47,4.3,24,39,105,0
393,8,karaoke,2024-05-04 01:02:11,2024-05-04 02:59:11,Saturday,216,80,69,3.7,24,28,102,0
394,42,comedy,2024-06-14 05:02:39,2024-06-14 06:32:39,Friday,189,93,62,3.7,17,21,100,1
395,46,dj_night,2024-09-05 10:48:01,2024-09-05 13:55:01,Thursday,193,82,66,3.7,16,24,88,0
396,46,dj_night,2024-04-12 02:36:16,2024-04-12 05:46:16,Friday,202,78,71,3.9,17,31,121,1
397,31,karaoke,2024-09-09 21:30:34,2024-09-10 00:16:34,Monday,207,79,52,3.1,18,34,86,0
398,30,open_mic,2024-07-23 06:23:11,2024-07-23 08:25:11,Tuesday,203,82,68,3.8,14,27,108,1
399,25,comedy,2025-04-06 02:17:21,2025-04-06 03:54:21,Sunday,179,71,60,3.9,20,36,110,1
400,33,techno_party,2025-02-09 18:34:57,2025-02-09 22:07:57,Sunday,208,69,60,3.5,18,31,98,0
401,5,dj_night,2025-02-10 04:27:03,2025-02-10 06:01:03,Monday,200,74,64,3.5,16,26,87,1
402,22,open_mic,2024-10-04 23:30:01,2024-10-05 02:16:01,Friday,198,87,66,3.7,14,35,80,0
403,1,dj_night,2024-07-31 01:13:49,2024-07-31 03:21:49,Wednesday,205,81,64,3.8,23,28,101,0
404,38,open_mic,2024-09-22 13:13:49,2024-09-22 15:29:49,Sunday,187,89,66,4.4,18,26,108,1
405,32,comedy,2025-01-06 19:13:06,2025-01-06 23:01:06,Monday,198,97,48,4.4,26,21,91,0
406,35,karaoke,2025-01-19 23:19:04,2025-01-20 02:13:04,Sunday,175,78,47,4.3,24,27,102,1
407,22,open_mic,2025-02-09 11:58:25,2025-02-09 14:26:25,Sunday,185,82,64,4.2,17,36,93,1
408,25,karaoke,2024-11-13 02:39:04,2024-11-13 05:58:04,Wednesday,191,75,70,3.1,15,26,79,1
409,13,techno_party,2024-12-24 07:36:09,2024-12-24 09:58:09,Tuesday,200,86,75,4.1,25,28,99,0
410,37,karaoke,2025-01-15 06:33:55,2025-01-15 08:34:55,Wednesday,192,81,49,4.6,19,35,98,1
411,50,karaoke,2024-10-17 06:37:16,2024-10-17 08:36:16,Thursday,212,79,70,5.3,16,25,105,0
412,21,techno_party,2024-06-10 09:19:33,2024-06-10 10:30:33,Monday,177,95,51,2.9,22,24,90,1
413,46,karaoke,2024-06-24 00:29:29,2024-06-24 03:30:29,Monday,204,94,63,4.1,31,30,97,1
414,43,techno_party,2024-08-04 12:01:56,2024-08-04 14:39:56,Sunday,235,65,56,4.4,19,24,93,1
415,32,concert,2024-07-04 19:38:03,2024-07-04 21:16:03,Thursday,192,72,51,4.5,28,30,110,1
416,33,open_mic,2024-05-03 23:37:07,2024-05-04 01:09:07,Friday,197,71,63,4.0,10,30,91,1
417,7,karaoke,2024-11-22 04:51:59,2024-11-22 07:15:59,Friday,195,83,75,4.2,21,28,106,1
418,34,karaoke,2025-01-22 00:04:57,2025-01-22 01:29:57,Wednesday,178,79,66,3.3,17,37,77,0
419,47,comedy,2024-11-07 20:08:26,2024-11-07 21:11:26,Thursday,182,92,66,3.9,25,31,101,0
420,42,comedy,2024-05-04 22:40:50,2024-05-05 01:24:50,Saturday,206,68,57,4.0,20,32,97,1
421,31,dj_night,2025-01-26 18:09:09,2025-01-26 19:28:09,Sunday,211,88,52,3.8,19,24,122,1
422,40,techno_party,2024-08-11 01:31:25,2024-08-11 03:57:25,Sunday,203,95,63,4.4,24,28,91,0
423,42,concert,2024-05-03 11:20:02,2024-05-03 14:01:02,Friday,190,80,54,4.6,21,32,97,0
424,44,open_mic,2024-04-30 17:52:31,2024-04-30 20:16:31,Tuesday,191,82,69,3.6,19,33,97,1
425,21,techno_party,2024-11-24 03:26:41,2024-11-24 06:03:41,Sunday,227,86,53,4.0,28,30,110,0
426,35,concert,2024-10-13 10:30:21,2024-10-13 13:34:21,Sunday,201,88,62,4.5,20,24,98,1
427,5,comedy,2024-10-23 13:25:12,2024-10-23 17:03:12,Wednesday,200,82,61,4.6,19,32,104,1
428,44,dj_night,2025-04-03 07:49:26,2025-04-03 11:30:26,Thursday,176,96,50,3.6,21,17,114,1
429,48,concert,2025-03-08 10:26:25,2025-03-08 12:24:25,Saturday,190,92,58,4.4,24,33,116,1
430,7,techno_party,2024-11-03 12:58:09,2024-11-03 15:49:09,Sunday,219,79,55,4.0,29,29,89,0
431,7,karaoke,2024-06-11 09:53:39,2024-06-11 13:53:39,Tuesday,218,84,76,3.6,28,34,98,0
432,45,dj_night,2024-05-03 08:40:15,2024-05-03 10:22:15,Friday,220,89,59,4.4,21,28,106,1
433,3,dj_night,2024-10-25 11:49:10,2024-10-25 12:56:10,Friday,218,73,60,4.7,13,25,92,0
434,19,dj_night,2024-05-12 09:12:28,2024-05-12 10:26:28,Sunday,212,96,57,3.7,21,30,89,1
435,28,comedy,2025-03-07 21:36:09,2025-03-08 00:11:09,Friday,182,76,60,3.7,18,29,93,1
436,34,karaoke,2024-06-22 10:31:45,2024-06-22 12:33:45,Saturday,205,73,55,3.3,19,29,101,1
437,44,comedy,2024-05-07 21:10:48,2024-05-08 00:34:48,Tuesday,205,84,49,4.4,15,26,95,1
438,12,concert,2024-11-28 08:38:39,2024-11-28 10:21:39,Thursday,198,71,47,4.2,18,28,113,1
439,25,open_mic,2024-05-07 15:57:22,2024-05-07 19:33:22,Tuesday,211,82,50,4.0,21,34,85,1
440,16,karaoke,2024-12-29 11:57:07,2024-12-29 15:51:07,Sunday,199,84,58,3.3,26,39,94,1
441,10,comedy,2025-03-11 23:15:07,2025-03-12 02:44:07,Tuesday,192,78,54,4.9,12,25,90,1
442,41,dj_night,2024-07-11 14:46:27,2024-07-11 17:44:27,Thursday,201,72,54,3.9,20,28,100,1
443,17,techno_party,2024-09-15 01:58:33,2024-09-15 04:55:33,Sunday,198,75,60,4.3,23,31,99,1
444,30,dj_night,2024-05-27 19:56:21,2024-05-27 20:58:21,Monday,203,94,63,3.7,21,20,97,1
445,35,comedy,2025-03-23 00:35:39,2025-03-23 04:28:39,Sunday,197,85,55,3.9,25,26,89,0
446,29,dj_night,2024-11-18 12:16:28,2024-11-18 13:34:28,Monday,189,85,58,4.0,16,47,103,1
447,20,techno_party,2024-07-15 21:24:30,2024-07-16 00:54:30,Monday,189,80,55,4.1,15,28,99,1
448,45,dj_night,2024-11-22 02:25:54,2024-11-22 05:13:54,Friday,192,84,59,3.8,16,38,91,1
449,20,comedy,2024-11-28 03:50:06,2024-11-28 06:46:06,Thursday,206,68,56,3.2,22,31,93,0
450,31,concert,2024-04-26 16:56:02,2024-04-26 19:34:02,Friday,196,73,57,4.2,18,28,104,1
451,25,open_mic,2024-12-07 19:34:08,2024-12-07 21:34:08,Saturday,215,92,58,3.9,18,29,97,1
452,37,dj_night,2024-05-13 02:39:20,2024-05-13 05:10:20,Monday,214,77,62,4.5,12,37,105,0
453,19,concert,2024-09-21 01:58:27,2024-09-21 05:57:27,Saturday,181,81,58,4.3,21,26,109,1
454,26,dj_night,2024-12-22 13:40:37,2024-12-22 17:28:37,Sunday,200,86,63,4.1,21,26,86,1
455,37,techno_party,2024-11-23 22:44:06,2024-11-23 23:46:06,Saturday,216,88,58,4.1,15,35,111,0
456,39,techno_party,2024-11-16 18:48:42,2024-11-16 20:00:42,Saturday,196,79,59,4.0,20,33,107,0
457,19,comedy,2024-10-31 07:12:11,2024-10-31 10:19:11,Thursday,224,89,57,4.2,21,39,105,1
458,23,comedy,2024-08-12 03:17:44,2024-08-12 06:52:44,Monday,181,85,65,3.7,12,36,115,0
459,13,open_mic,2025-04-09 06:36:31,2025-04-09 10:18:31,Wednesday,187,84,62,4.6,15,27,94,0
460,44,techno_party,2024-07-21 13:01:38,2024-07-21 15:05:38,Sunday,196,79,59,3.4,21,33,104,1
461,44,comedy,2024-06-29 14:20:55,2024-06-29 18:08:55,Saturday,222,80,64,4.5,11,29,98,1
462,7,techno_party,2024-12-27 08:48:48,2024-12-27 12:28:48,Friday,208,71,62,3.2,14,34,105,0
463,3,dj_night,2025-01-14 09:54:23,2025-01-14 13:39:23,Tuesday,212,76,63,3.8,24,38,100,0
464,3,open_mic,2024-08-11 06:55:15,2024-08-11 09:47:15,Sunday,239,81,60,4.4,24,27,111,0
465,47,comedy,2024-07-12 23:13:45,2024-07-13 01:46:45,Friday,189,97,58,3.4,22,18,101,1
466,19,dj_night,2024-07-23 10:13:18,2024-07-23 11:36:18,Tuesday,216,76,59,3.6,30,40,119,0
467,12,comedy,2024-09-11 23:30:23,2024-09-12 02:16:23,Wednesday,222,66,75,3.4,13,39,105,0
468,35,dj_night,2024-06-01 02:23:20,2024-06-01 03:56:20,Saturday,184,75,62,4.0,23,33,106,1
469,33,dj_night,2024-12-28 03:07:17,2024-12-28 06:22:17,Saturday,189,73,71,3.6,18,33,93,1
470,17,karaoke,2024-12-17 23:01:06,2024-12-18 00:43:06,Tuesday,209,86,56,4.1,20,30,118,1
471,48,dj_night,2024-08-05 18:41:25,2024-08-05 20:56:25,Monday,202,78,65,3.6,8,22,107,1
472,30,concert,2024-10-05 20:09:24,2024-10-05 21:38:24,Saturday,170,78,60,3.6,21,28,107,0
473,49,comedy,2024-08-12 01:30:00,2024-08-12 03:06:00,Monday,230,82,52,4.2,15,32,97,1
474,47,techno_party,2025-04-07 01:35:36,2025-04-07 05:28:36,Monday,197,79,63,3.9,20,33,94,1
475,36,dj_night,2025-01-28 06:23:59,2025-01-28 09:04:59,Tuesday,196,69,44,3.7,18,36,120,1
476,26,concert,2025-04-09 16:11:26,2025-04-09 17:34:26,Wednesday,202,77,41,3.5,19,38,111,1
477,35,concert,2024-05-09 10:39:57,2024-05-09 12:46:57,Thursday,192,69,67,4.6,23,26,102,1
478,24,techno_party,2024-04-14 21:20:28,2024-04-15 00:16:28,Sunday,214,88,60,4.0,19,18,92,1
479,17,open_mic,2024-10-06 06:02:44,2024-10-06 09:54:44,Sunday,180,84,52,3.7,21,26,100,1
480,41,dj_night,2024-12-08 12:08:19,2024-12-08 14:45:19,Sunday,199,84,51,4.2,14,19,101,0
481,44,comedy,2024-11-15 21:59:45,2024-11-15 23:26:45,Friday,183,92,50,3.8,17,29,89,1
482,2,open_mic,2024-05-20 02:24:28,2024-05-20 05:24:28,Monday,211,86,53,4.0,16,35,99,0
483,21,open_mic,2024-05-09 17:21:15,2024-05-09 20:44:15,Thursday,206,74,49,3.9,27,34,102,0
484,42,concert,2024-11-06 01:37:51,2024-11-06 03:33:51,Wednesday,189,79,53,3.3,24,32,115,0
485,30,techno_party,2024-07-03 01:15:25,2024-07-03 04:57:25,Wednesday,214,72,68,4.7,18,26,109,1
486,42,karaoke,2024-10-24 17:42:07,2024-10-24 19:59:07,Thursday,217,74,65,4.1,13,23,106,1
487,9,concert,2024-07-23 06:21:43,2024-07-23 07:50:43,Tuesday,193,79,63,3.0,19,29,107,0
488,20,karaoke,2024-06-01 17:05:58,2024-06-01 18:14:58,Saturday,189,82,60,3.9,14,22,107,0
489,7,comedy,2025-04-08 17:07:22,2025-04-08 18:36:22,Tuesday,218,81,47,5.0,18,35,90,0
490,9,karaoke,2024-08-24 19:30:47,2024-08-24 22:47:47,Saturday,212,84,55,3.3,16,30,104,0
491,24,techno_party,2025-03-19 08:45:51,2025-03-19 11:41:51,Wednesday,191,91,67,4.0,22,31,86,0
492,35,karaoke,2024-05-07 23:41:47,2024-05-08 03:39:47,Tuesday,195,95,54,4.2,25,41,89,1
493,48,techno_party,2025-03-18 17:54:27,2025-03-18 21:24:27,Tuesday,196,104,58,3.3,19,30,104,1
494,27,techno_party,2024-07-15 03:24:38,2024-07-15 05:03:38,Monday,210,66,51,3.3,14,41,96,1
495,32,open_mic,2024-09-01 18:45:25,2024-09-01 20:10:25,Sunday,193,77,64,3.7,15,41,105,1
496,18,concert,2024-07-30 22:47:24,2024-07-31 01:31:24,Tuesday,171,70,66,4.1,21,30,94,0
497,24,comedy,2024-06-11 12:49:19,2024-06-11 16:45:19,Tuesday,218,76,57,4.4,16,35,84,0
498,29,comedy,2024-09-28 10:41:28,2024-09-28 13:34:28,Saturday,213,69,64,5.2,19,33,103,0
499,7,techno_party,2025-03-01 01:34:52,2025-03-01 04:06:52,Saturday,196,83,47,3.4,21,27,81,1
500,35,techno_party,2024-11-08 05:40:24,2024-11-08 08:14:24,Friday,210,78,56,4.7,25,33,90,0
501,4,karaoke,2025-01-09 11:58:56,2025-01-09 14:29:56,Thursday,205,88,65,3.7,19,30,97,0
502,13,concert,2024-08-06 18:10:44,2024-08-06 20:20:44,Tuesday,211,80,65,3.5,19,36,115,1
503,6,techno_party,2024-12-04 19:45:53,2024-12-04 22:41:53,Wednesday,211,89,67,4.0,19,36,89,0
504,42,techno_party,2025-02-18 17:13:54,2025-02-18 19:07:54,Tuesday,211,84,61,4.4,17,30,88,1
505,2,concert,2024-12-21 06:00:57,2024-12-21 09:32:57,Saturday,188,80,59,3.6,15,28,102,1
506,16,comedy,2024-11-02 16:35:58,2024-11-02 19:00:58,Saturday,188,78,51,4.1,25,27,84,1
507,14,concert,2024-04-14 07:25:53,2024-04-14 10:49:53,Sunday,213,82,60,4.5,19,30,98,1
508,14,open_mic,2024-12-26 15:27:04,2024-12-26 18:48:04,Thursday,198,82,51,5.2,16,27,87,1
509,15,dj_night,2025-02-22 14:28:39,2025-02-22 16:23:39,Saturday,237,79,63,3.6,22,24,102,1
510,39,concert,2024-11-12 15:46:58,2024-11-12 17:23:58,Tuesday,213,67,59,3.7,14,28,95,0
511,10,comedy,2024-08-05 12:55:37,2024-08-05 15:05:37,Monday,190,78,55,3.6,19,37,83,0
512,17,comedy,2025-04-08 03:06:38,2025-04-08 06:24:38,Tuesday,234,97,66,3.5,20,24,87,0
513,43,concert,2024-12-24 21:44:45,2024-12-24 23:12:45,Tuesday,185,78,51,3.9,15,34,95,0
514,1,dj_night,2024-05-21 12:00:40,2024-05-21 13:33:40,Tuesday,225,90,58,4.2,19,35,104,1
515,38,dj_night,2025-04-10 21:58:36,2025-04-10 23:58:36,Thursday,202,81,59,4.9,24,28,110,1
516,12,dj_night,2025-03-18 07:15:05,2025-03-18 08:19:05,Tuesday,178,66,58,4.4,22,31,111,0
517,9,techno_party,2024-06-02 10:11:56,2024-06-02 11:24:56,Sunday,206,80,73,3.1,18,26,112,0
518,34,concert,2024-07-22 23:30:57,2024-07-23 02:17:57,Monday,185,62,66,3.8,16,29,108,0
519,31,karaoke,2024-05-26 02:23:17,2024-05-26 03:39:17,Sunday,217,77,66,2.9,20,29,112,1
520,33,open_mic,2025-03-22 19:14:18,2025-03-22 21:46:18,Saturday,196,73,70,4.2,13,21,89,0
521,29,open_mic,2024-05-22 20:09:45,2024-05-22 21:36:45,Wednesday,190,74,64,4.0,17,35,103,0
522,40,concert,2025-01-24 14:20:24,2025-01-24 16:16:24,Friday,197,73,59,3.8,13,25,97,1
523,34,dj_night,2024-11-12 02:55:59,2024-11-12 06:43:59,Tuesday,195,81,51,3.0,21,33,92,0
524,42,concert,2024-06-10 15:23:40,2024-06-10 18:20:40,Monday,182,72,56,3.3,23,23,110,0
525,31,karaoke,2024-07-26 00:59:03,2024-07-26 02:14:03,Friday,193,75,53,4.9,17,30,99,0
526,44,concert,2024-07-29 16:40:25,2024-07-29 19:29:25,Monday,215,73,60,3.6,20,34,94,1
527,46,karaoke,2024-12-02 03:56:15,2024-12-02 07:01:15,Monday,220,81,71,4.5,16,37,97,1
528,6,dj_night,2024-07-02 01:43:32,2024-07-02 03:01:32,Tuesday,191,87,59,3.6,12,31,98,1
529,10,concert,2025-01-14 23:08:43,2025-01-15 02:43:43,Tuesday,201,69,49,3.4,16,25,91,1
530,18,open_mic,2024-08-22 10:23:27,2024-08-22 11:55:27,Thursday,207,93,50,4.2,15,26,97,1
531,38,open_mic,2024-06-29 08:10:46,2024-06-29 11:52:46,Saturday,212,69,55,3.5,20,21,115,1
532,25,open_mic,2025-01-03 06:27:09,2025-01-03 08:50:09,Friday,209,77,60,5.3,20,26,111,0
533,19,karaoke,2024-12-13 14:02:28,2024-12-13 17:17:28,Friday,164,71,69,4.6,21,31,87,0
534,39,karaoke,2025-03-08 12:14:19,2025-03-08 15:23:19,Saturday,192,75,54,4.5,19,30,102,1
535,45,concert,2024-07-22 19:01:23,2024-07-22 20:26:23,Monday,203,73,75,3.7,28,30,91,1
536,42,open_mic,2024-10-24 13:16:07,2024-10-24 17:03:07,Thursday,205,89,63,4.0,23,31,95,1
537,28,karaoke,2024-10-17 23:57:42,2024-10-18 01:52:42,Thursday,207,96,48,3.4,21,36,107,1
538,27,dj_night,2024-07-17 19:08:04,2024-07-17 21:06:04,Wednesday,178,80,50,3.7,21,41,116,0
539,26,karaoke,2025-03-28 20:51:45,2025-03-28 23:47:45,Friday,204,84,65,3.8,12,30,98,1
540,21,karaoke,2025-03-29 23:10:14,2025-03-30 00:34:14,Saturday,215,82,51,4.2,16,33,104,0
541,43,dj_night,2025-03-05 20:46:23,2025-03-05 23:06:23,Wednesday,195,79,55,4.2,17,27,104,0
542,10,techno_party,2024-04-30 23:59:42,2024-05-01 02:34:42,Tuesday,217,80,64,3.2,23,20,103,1
543,5,concert,2024-05-17 02:47:56,2024-05-17 05:48:56,Friday,197,75,63,4.4,22,28,110,1
544,6,karaoke,2024-12-13 14:28:28,2024-12-13 15:49:28,Friday,187,79,60,4.6,36,40,101,1
545,48,techno_party,2024-09-22 18:31:38,2024-09-22 19:55:38,Sunday,205,75,60,3.6,12,26,85,1
546,9,open_mic,2025-02-27 08:35:58,2025-02-27 11:10:58,Thursday,207,92,55,3.3,18,29,106,0
547,38,open_mic,2024-07-27 17:21:41,2024-07-27 18:36:41,Saturday,198,67,66,3.8,19,28,123,0
548,22,techno_party,2024-04-28 09:26:00,2024-04-28 12:49:00,Sunday,202,75,77,3.6,16,25,112,1
549,27,dj_night,2024-04-12 15:33:47,2024-04-12 17:04:47,Friday,200,73,71,4.3,18,35,107,1
550,49,karaoke,2024-08-18 19:29:14,2024-08-18 23:19:14,Sunday,199,87,50,2.7,21,20,106,0
551,19,open_mic,2025-02-04 17:52:01,2025-02-04 19:05:01,Tuesday,191,97,62,4.6,14,23,91,0
552,23,concert,2024-06-01 01:50:33,2024-06-01 04:09:33,Saturday,201,79,59,3.5,20,38,126,0
553,33,comedy,2024-12-14 16:50:31,2024-12-14 20:17:31,Saturday,189,80,67,3.4,20,28,126,0
554,43,karaoke,2024-07-22 00:06:54,2024-07-22 01:45:54,Monday,196,78,61,4.6,20,30,87,0
555,7,dj_night,2024-06-13 00:34:05,2024-06-13 02:31:05,Thursday,207,94,67,3.9,17,26,70,1
556,24,concert,2025-01-24 03:17:16,2025-01-24 06:39:16,Friday,186,89,58,4.1,22,34,110,1
557,37,comedy,2024-09-29 20:43:13,2024-09-29 22:54:13,Sunday,207,99,62,5.0,24,19,101,0
558,36,open_mic,2024-11-11 12:32:57,2024-11-11 15:21:57,Monday,181,82,74,4.0,26,34,99,1
559,44,techno_party,2025-01-10 07:48:44,2025-01-10 11:25:44,Friday,200,76,65,4.4,20,25,92,0
560,2,open_mic,2024-09-24 08:50:45,2024-09-24 12:12:45,Tuesday,193,70,50,4.0,20,32,76,1
561,45,dj_night,2024-11-15 02:32:45,2024-11-15 06:20:45,Friday,183,75,64,3.5,17,29,107,0
562,12,dj_night,2024-04-15 00:38:35,2024-04-15 01:45:35,Monday,210,89,53,4.6,21,38,85,1
563,49,dj_night,2024-05-24 17:15:18,2024-05-24 21:14:18,Friday,217,87,54,3.8,17,33,102,0
564,23,concert,2024-05-10 11:50:18,2024-05-10 14:16:18,Friday,195,86,71,3.5,19,41,91,0
565,10,open_mic,2025-03-20 05:39:47,2025-03-20 07:25:47,Thursday,208,78,57,4.1,17,33,112,1
566,26,concert,2025-01-04 15:17:04,2025-01-04 19:05:04,Saturday,218,91,56,4.0,16,24,106,0
567,48,techno_party,2025-03-28 07:44:23,2025-03-28 09:20:23,Friday,197,74,61,4.2,24,20,106,0
568,6,techno_party,2024-06-08 03:48:05,2024-06-08 04:55:05,Saturday,191,75,57,4.7,17,34,99,1
569,14,karaoke,2024-11-09 03:47:06,2024-11-09 07:02:06,Saturday,208,81,51,4.1,15,24,108,1
570,30,dj_night,2024-04-25 06:19:17,2024-04-25 09:06:17,Thursday,174,73,60,3.2,21,28,109,0
571,24,dj_night,2025-03-01 09:30:15,2025-03-01 11:10:15,Saturday,197,89,65,3.5,23,24,92,1
572,50,open_mic,2024-09-01 15:51:26,2024-09-01 18:14:26,Sunday,209,75,63,3.5,16,37,95,1
573,6,concert,2024-11-23 11:53:51,2024-11-23 15:25:51,Saturday,210,96,60,5.0,26,39,93,1
574,11,open_mic,2024-11-11 20:25:19,2024-11-11 22:04:19,Monday,191,83,52,3.8,18,17,89,1
575,44,concert,2024-06-07 18:50:56,2024-06-07 20:02:56,Friday,200,102,60,4.4,18,21,94,1
576,29,techno_party,2024-09-25 04:25:03,2024-09-25 06:34:03,Wednesday,201,85,52,4.0,23,28,103,0
577,32,open_mic,2024-05-30 18:23:36,2024-05-30 21:11:36,Thursday,175,93,57,3.3,22,24,95,1
578,27,dj_night,2024-04-27 12:23:17,2024-04-27 15:16:17,Saturday,179,101,77,3.0,22,36,100,1
579,49,open_mic,2024-08-08 23:41:27,2024-08-09 01:36:27,Thursday,216,85,57,4.4,20,28,80,1
580,23,karaoke,2024-08-30 21:18:48,2024-08-30 22:47:48,Friday,193,87,53,4.1,21,35,97,0
581,19,techno_party,2025-03-26 09:37:47,2025-03-26 11:05:47,Wednesday,200,87,54,2.9,16,24,104,0
582,38,karaoke,2025-04-08 15:31:32,2025-04-08 19:24:32,Tuesday,200,86,54,4.0,29,24,82,0
583,43,dj_night,2025-02-14 10:54:45,2025-02-14 14:08:45,Friday,195,82,42,4.2,13,26,119,1
584,15,karaoke,2025-03-11 12:50:40,2025-03-11 14:01:40,Tuesday,200,68,64,3.6,20,25,89,1
585,4,concert,2024-04-26 18:21:43,2024-04-26 21:54:43,Friday,201,99,63,3.2,17,27,77,0
586,20,comedy,2025-03-26 09:05:59,2025-03-26 10:57:59,Wednesday,213,85,51,4.2,12,27,110,1
587,49,dj_night,2024-08-28 05:32:19,2024-08-28 07:07:19,Wednesday,191,77,57,4.8,16,30,109,0
588,21,concert,2024-07-01 20:34:12,2024-07-01 22:48:12,Monday,214,70,59,2.9,21,37,91,1
589,32,techno_party,2025-01-01 03:50:14,2025-01-01 04:51:14,Wednesday,187,70,67,4.5,25,24,87,1
590,12,comedy,2024-07-17 04:18:02,2024-07-17 07:08:02,Wednesday,213,83,63,4.5,22,33,94,0
591,35,techno_party,2024-12-26 06:47:05,2024-12-26 09:24:05,Thursday,193,80,53,4.2,28,38,104,0
592,33,open_mic,2024-05-21 04:37:15,2024-05-21 06:35:15,Tuesday,185,76,58,3.3,19,32,97,0
593,23,concert,2024-08-26 15:02:19,2024-08-26 18:53:19,Monday,202,65,60,4.1,20,40,97,0
594,48,concert,2025-02-08 05:43:31,2025-02-08 08:24:31,Saturday,186,85,67,3.2,20,36,106,1
595,2,karaoke,2024-11-14 17:00:27,2024-11-14 19:51:27,Thursday,194,84,64,4.7,20,35,97,1
596,21,open_mic,2025-03-20 15:14:51,2025-03-20 16:33:51,Thursday,189,86,58,4.0,18,30,133,1
597,37,karaoke,2025-03-16 23:25:42,2025-03-17 02:14:42,Sunday,218,64,56,4.0,28,33,98,0
598,27,dj_night,2024-09-16 02:13:36,2024-09-16 05:56:36,Monday,185,80,53,4.6,13,28,102,1
599,26,concert,2024-12-08 07:29:58,2024-12-08 08:58:58,Sunday,194,61,71,3.7,23,36,107,0
600,11,open_mic,2025-01-27 08:09:09,2025-01-27 10:32:09,Monday,207,58,57,3.6,18,39,103,0
601,45,dj_night,2024-06-10 07:03:23,2024-06-10 10:00:23,Monday,181,74,62,3.6,25,25,94,1
602,28,concert,2025-04-05 19:15:33,2025-04-05 20:37:33,Saturday,207,61,64,4.0,16,26,98,0
603,28,open_mic,2025-04-07 09:38:03,2025-04-07 11:40:03,Monday,195,70,66,3.4,21,30,100,0
604,34,concert,2024-07-12 05:04:00,2024-07-12 07:46:00,Friday,180,69,44,4.4,15,32,103,0
605,20,techno_party,2025-03-13 01:13:27,2025-03-13 03:54:27,Thursday,218,75,59,4.7,14,28,96,1
606,15,dj_night,2024-06-13 09:08:28,2024-06-13 11:34:28,Thursday,204,91,63,3.9,18,25,93,1
607,5,open_mic,2025-02-15 22:00:08,2025-02-15 23:43:08,Saturday,223,86,63,3.4,27,31,117,1
608,8,open_mic,2025-02-20 03:27:18,2025-02-20 07:09:18,Thursday,202,83,59,4.6,19,30,109,1
609,13,dj_night,2024-06-19 00:45:45,2024-06-19 03:55:45,Wednesday,189,82,51,4.6,20,32,90,1
610,47,techno_party,2025-03-19 13:54:34,2025-03-19 16:23:34,Wednesday,202,80,62,4.4,19,25,89,0
611,16,concert,2024-09-18 09:22:38,2024-09-18 10:59:38,Wednesday,215,82,54,4.0,23,26,95,1
612,17,comedy,2024-04-20 21:32:26,2024-04-20 23:09:26,Saturday,200,70,63,4.2,24,26,107,0
613,39,comedy,2024-06-19 22:16:39,2024-06-20 00:00:39,Wednesday,200,83,63,4.2,21,40,104,0
614,5,comedy,2025-01-22 07:47:36,2025-01-22 11:34:36,Wednesday,201,77,54,3.6,19,36,103,1
615,32,karaoke,2025-04-05 07:21:40,2025-04-05 11:01:40,Saturday,224,78,60,3.4,20,24,108,0
616,49,open_mic,2024-08-18 06:42:28,2024-08-18 10:06:28,Sunday,210,79,57,4.0,20,37,87,1
617,44,open_mic,2025-02-09 02:53:08,2025-02-09 05:47:08,Sunday,209,71,60,3.5,15,35,86,0
618,41,open_mic,2025-04-07 18:20:52,2025-04-07 22:04:52,Monday,213,75,48,3.4,17,31,109,1
619,41,dj_night,2024-09-18 03:57:35,2024-09-18 06:19:35,Wednesday,200,91,67,3.7,25,31,99,1
620,29,concert,2025-02-16 19:53:18,2025-02-16 21:31:18,Sunday,241,73,58,4.6,20,21,105,0
621,29,techno_party,2024-12-27 10:30:07,2024-12-27 13:30:07,Friday,215,79,55,3.4,37,40,104,1
622,18,open_mic,2025-03-12 20:10:31,2025-03-12 22:27:31,Wednesday,197,77,68,3.0,13,21,88,1
623,23,open_mic,2025-01-21 17:44:52,2025-01-21 18:58:52,Tuesday,192,92,54,3.9,27,43,106,1
624,20,karaoke,2025-02-20 03:14:46,2025-02-20 04:32:46,Thursday,188,71,54,4.1,16,37,102,0
625,3,concert,2024-07-16 15:36:04,2024-07-16 18:31:04,Tuesday,184,73,56,4.1,14,39,100,1
626,19,concert,2024-07-23 21:19:28,2024-07-23 23:53:28,Tuesday,199,85,68,3.5,12,28,104,0
627,6,open_mic,2024-06-12 02:20:47,2024-06-12 06:05:47,Wednesday,215,83,57,2.4,15,35,92,0
628,33,karaoke,2025-02-11 01:22:38,2025-02-11 04:54:38,Tuesday,186,93,61,4.1,21,34,104,1
629,38,open_mic,2025-01-08 14:54:05,2025-01-08 17:52:05,Wednesday,185,70,85,4.3,21,35,92,0
630,29,open_mic,2024-05-23 06:02:21,2024-05-23 07:12:21,Thursday,215,65,61,3.2,19,27,111,0
631,13,dj_night,2024-09-06 20:03:44,2024-09-06 23:49:44,Friday,179,69,63,3.9,17,29,106,0
632,31,open_mic,2025-03-15 23:41:55,2025-03-16 03:15:55,Saturday,209,85,72,4.4,19,28,101,1
633,4,karaoke,2024-04-26 07:27:16,2024-04-26 09:05:16,Friday,184,78,67,4.6,24,34,94,1
634,22,techno_party,2025-03-10 17:11:02,2025-03-10 18:37:02,Monday,194,85,54,4.1,25,41,95,1
635,33,techno_party,2024-10-11 01:39:50,2024-10-11 03:00:50,Friday,188,83,61,3.6,24,29,106,1
636,3,comedy,2024-07-06 15:44:51,2024-07-06 17:28:51,Saturday,202,78,60,4.6,21,33,105,1
637,29,open_mic,2024-06-27 18:40:06,2024-06-27 21:32:06,Thursday,196,82,71,4.4,30,32,95,1
638,40,comedy,2025-02-22 09:39:13,2025-02-22 12:52:13,Saturday,199,83,58,4.4,26,24,97,1
639,24,dj_night,2025-04-02 23:06:25,2025-04-03 01:39:25,Wednesday,211,67,47,4.0,25,40,104,1
640,27,dj_night,2024-10-07 00:51:07,2024-10-07 03:30:07,Monday,194,94,68,3.9,21,27,115,1
641,39,concert,2024-08-25 01:34:03,2024-08-25 05:27:03,Sunday,212,78,70,5.1,13,24,105,1
642,42,dj_night,2024-08-07 19:06:00,2024-08-07 22:47:00,Wednesday,187,92,70,4.5,24,27,100,0
643,22,concert,2025-02-23 22:28:06,2025-02-23 23:44:06,Sunday,182,76,63,4.1,25,25,102,1
644,44,karaoke,2025-02-14 03:40:20,2025-02-14 07:02:20,Friday,194,103,66,4.2,17,38,121,1
645,17,techno_party,2025-03-15 15:50:03,2025-03-15 18:02:03,Saturday,220,97,69,4.3,19,29,99,0
646,39,comedy,2024-07-08 15:51:31,2024-07-08 19:39:31,Monday,198,69,54,3.9,16,24,108,0
647,6,open_mic,2024-07-06 20:18:47,2024-07-06 22:43:47,Saturday,186,79,54,3.1,19,35,107,0
648,10,dj_night,2024-04-20 11:05:00,2024-04-20 14:54:00,Saturday,186,79,57,3.7,19,31,101,1
649,42,techno_party,2024-12-23 14:28:12,2024-12-23 16:47:12,Monday,202,98,85,3.6,22,30,106,1
650,26,comedy,2024-06-25 06:36:54,2024-06-25 10:25:54,Tuesday,198,83,69,3.7,21,25,100,1
651,46,concert,2024-09-13 00:29:13,2024-09-13 04:01:13,Friday,184,72,59,3.8,19,31,88,1
652,36,karaoke,2024-08-16 18:08:17,2024-08-16 20:27:17,Friday,211,86,58,4.0,16,32,96,1
653,22,comedy,2024-07-28 11:17:01,2024-07-28 15:01:01,Sunday,199,78,53,4.5,24,44,117,0
654,45,techno_party,2025-03-12 22:52:06,2025-03-13 02:43:06,Wednesday,176,76,56,3.6,14,27,95,1
655,34,concert,2024-05-08 05:33:47,2024-05-08 09:28:47,Wednesday,194,74,67,4.6,14,33,114,1
656,43,karaoke,2025-02-05 14:26:30,2025-02-05 18:11:30,Wednesday,197,68,60,4.4,20,22,92,0
657,24,concert,2024-07-28 16:08:54,2024-07-28 19:18:54,Sunday,203,84,69,3.8,21,41,100,0
658,20,comedy,2024-08-25 15:26:02,2024-08-25 17:58:02,Sunday,213,81,50,4.4,18,30,130,0
659,22,karaoke,2024-12-16 09:33:29,2024-12-16 11:27:29,Monday,201,63,62,3.9,19,22,96,1
660,15,comedy,2024-10-26 02:31:12,2024-10-26 04:20:12,Saturday,204,85,55,4.3,13,28,88,1
661,5,dj_night,2024-09-13 11:47:15,2024-09-13 13:26:15,Friday,181,80,67,3.3,20,36,112,1
662,33,open_mic,2024-12-31 04:04:58,2024-12-31 05:29:58,Tuesday,200,74,62,4.9,16,29,113,1
663,3,techno_party,2025-03-04 22:00:25,2025-03-05 01:14:25,Tuesday,187,78,72,4.8,17,27,89,1
664,50,open_mic,2024-11-05 12:24:28,2024-11-05 14:50:28,Tuesday,176,91,65,4.6,25,30,96,1
665,39,karaoke,2024-08-17 21:03:19,2024-08-17 22:36:19,Saturday,183,84,57,4.4,23,41,99,0
666,11,comedy,2025-04-11 00:50:22,2025-04-11 02:29:22,Friday,204,76,53,3.4,22,32,99,1
667,50,open_mic,2024-04-21 23:46:14,2024-04-22 03:43:14,Sunday,226,73,61,3.2,22,30,126,0
668,47,karaoke,2024-05-26 01:34:40,2024-05-26 03:16:40,Sunday,225,97,78,4.4,20,31,99,1
669,27,dj_night,2025-03-17 21:06:19,2025-03-17 22:17:19,Monday,190,78,62,4.9,28,28,97,1
670,47,comedy,2024-07-21 17:13:01,2024-07-21 21:06:01,Sunday,182,76,75,4.3,23,36,84,1
671,40,dj_night,2024-06-19 14:53:15,2024-06-19 17:46:15,Wednesday,200,74,57,4.1,19,23,96,0
672,15,open_mic,2024-11-22 18:00:12,2024-11-22 20:54:12,Friday,195,81,67,3.1,18,27,111,0
673,20,karaoke,2024-07-23 08:50:27,2024-07-23 10:51:27,Tuesday,190,87,66,4.1,17,32,102,0
674,24,techno_party,2024-04-26 03:05:52,2024-04-26 04:54:52,Friday,201,78,53,4.7,22,28,112,1
675,29,karaoke,2024-05-23 08:53:59,2024-05-23 12:19:59,Thursday,193,82,55,4.3,20,28,111,0
676,50,karaoke,2024-11-28 22:57:43,2024-11-29 01:09:43,Thursday,185,85,56,3.6,24,30,91,1
677,34,karaoke,2024-09-27 00:56:34,2024-09-27 04:04:34,Friday,216,99,76,4.2,22,35,84,1
678,13,open_mic,2024-08-23 12:33:08,2024-08-23 14:14:08,Friday,206,69,63,4.0,17,27,120,1
679,17,concert,2025-01-19 05:02:49,2025-01-19 06:37:49,Sunday,204,88,50,3.8,25,29,98,1
680,31,dj_night,2025-02-10 16:33:24,2025-02-10 20:17:24,Monday,196,95,58,4.1,29,29,103,0
681,7,techno_party,2024-08-11 02:11:58,2024-08-11 05:32:58,Sunday,186,81,59,4.2,15,24,99,1
682,8,dj_night,2024-09-27 18:00:02,2024-09-27 21:12:02,Friday,217,94,78,3.8,18,26,94,1
683,49,comedy,2024-12-02 16:47:27,2024-12-02 18:08:27,Monday,207,97,51,3.5,14,26,110,1
684,29,open_mic,2024-10-26 21:19:24,2024-10-26 23:28:24,Saturday,193,86,56,4.1,23,23,91,1
685,28,concert,2024-05-26 04:24:42,2024-05-26 06:01:42,Sunday,202,101,65,4.0,29,32,96,0
686,29,dj_night,2024-09-07 20:47:47,2024-09-07 22:43:47,Saturday,203,75,49,3.5,23,31,89,1
687,27,concert,2025-03-26 14:30:24,2025-03-26 15:36:24,Wednesday,196,77,57,4.1,18,26,110,1
688,33,dj_night,2024-11-21 04:42:18,2024-11-21 07:23:18,Thursday,225,82,58,3.9,18,34,117,1
689,25,concert,2024-06-24 02:10:39,2024-06-24 04:10:39,Monday,213,95,66,3.7,19,32,93,1
690,15,concert,2024-07-19 04:42:03,2024-07-19 07:17:03,Friday,196,70,62,3.7,16,33,101,1
691,7,techno_party,2024-04-28 12:13:38,2024-04-28 14:34:38,Sunday,219,90,52,2.7,14,20,97,0
692,22,comedy,2025-01-11 12:52:21,2025-01-11 16:38:21,Saturday,195,81,61,4.1,18,33,99,0
693,3,dj_night,2024-09-27 14:51:56,2024-09-27 16:26:56,Friday,215,80,71,4.2,16,30,115,1
694,45,comedy,2024-04-11 22:16:43,2024-04-12 01:16:43,Thursday,218,83,58,3.1,13,27,113,1
695,31,karaoke,2024-10-30 04:31:25,2024-10-30 08:31:25,Wednesday,205,85,50,4.2,11,33,103,1
696,1,concert,2025-04-05 17:30:02,2025-04-05 21:07:02,Saturday,215,77,62,3.8,19,28,99,1
697,17,comedy,2025-02-18 11:44:28,2025-02-18 12:48:28,Tuesday,196,81,43,4.3,22,31,114,1
698,36,techno_party,2024-11-06 09:15:04,2024-11-06 10:53:04,Wednesday,193,83,57,3.8,22,23,112,1
699,34,karaoke,2025-01-03 00:29:15,2025-01-03 04:04:15,Friday,187,82,49,4.9,34,38,97,0
700,50,dj_night,2025-01-15 16:05:18,2025-01-15 17:33:18,Wednesday,200,86,49,4.3,20,29,121,0
701,20,concert,2025-04-11 10:24:08,2025-04-11 12:24:08,Friday,185,89,62,4.1,14,29,113,0
702,16,karaoke,2025-01-24 09:59:27,2025-01-24 11:11:27,Friday,190,80,66,4.1,19,26,88,0
703,40,karaoke,2025-01-22 12:12:15,2025-01-22 15:55:15,Wednesday,207,67,71,4.7,19,35,99,1
704,8,karaoke,2024-12-27 17:13:32,2024-12-27 18:29:32,Friday,191,88,50,4.6,22,35,109,1
705,35,concert,2024-06-26 19:00:55,2024-06-26 22:32:55,Wednesday,222,75,73,3.1,11,22,108,1
706,33,open_mic,2024-08-30 17:18:18,2024-08-30 20:59:18,Friday,197,94,71,4.2,18,32,110,0
707,46,comedy,2024-09-25 18:29:53,2024-09-25 20:30:53,Wednesday,190,76,57,4.1,18,32,109,1
708,28,concert,2024-05-08 10:43:05,2024-05-08 12:57:05,Wednesday,216,69,72,4.4,16,32,91,1
709,23,comedy,2024-12-25 05:39:32,2024-12-25 09:16:32,Wednesday,200,99,56,4.3,17,29,115,1
710,27,comedy,2025-04-03 20:43:17,2025-04-04 00:09:17,Thursday,200,76,62,3.2,14,28,97,0
711,43,concert,2024-08-17 12:12:08,2024-08-17 16:02:08,Saturday,189,68,60,3.0,15,23,106,1
712,24,concert,2024-12-09 06:44:39,2024-12-09 09:58:39,Monday,199,86,63,4.7,17,29,89,1
713,35,open_mic,2024-08-11 04:25:15,2024-08-11 07:39:15,Sunday,189,81,66,4.1,27,33,102,1
714,36,concert,2024-12-24 21:44:03,2024-12-25 00:53:03,Tuesday,205,60,31,2.7,13,27,101,0
715,31,concert,2025-03-06 14:35:25,2025-03-06 17:14:25,Thursday,191,86,64,4.1,19,36,99,1
716,25,dj_night,2024-05-29 16:06:25,2024-05-29 19:48:25,Wednesday,199,77,57,4.5,14,18,120,1
717,48,concert,2025-01-15 19:06:39,2025-01-15 21:10:39,Wednesday,189,82,66,4.1,19,36,95,1
718,5,dj_night,2025-03-26 19:33:34,2025-03-26 22:04:34,Wednesday,165,89,73,4.3,13,35,89,1
719,47,techno_party,2024-08-05 21:43:17,2024-08-05 23:44:17,Monday,220,94,56,4.3,26,31,101,0
720,7,open_mic,2024-10-25 05:14:21,2024-10-25 08:54:21,Friday,228,68,58,3.8,22,29,112,1
721,9,concert,2024-08-09 09:15:25,2024-08-09 11:40:25,Friday,184,86,54,3.0,22,22,95,1
722,35,dj_night,2024-12-26 06:24:26,2024-12-26 08:54:26,Thursday,221,68,58,4.6,20,32,117,0
723,12,techno_party,2024-09-16 21:00:46,2024-09-17 00:44:46,Monday,189,89,55,3.2,23,20,97,0
724,45,karaoke,2024-08-15 22:45:36,2024-08-16 01:43:36,Thursday,197,80,50,3.9,25,26,87,0
725,12,comedy,2024-09-14 13:09:30,2024-09-14 16:50:30,Saturday,200,75,61,4.4,13,28,98,1
726,46,karaoke,2025-01-07 00:58:06,2025-01-07 02:14:06,Tuesday,190,67,62,3.6,15,42,94,1
727,19,comedy,2024-08-04 02:13:16,2024-08-04 03:22:16,Sunday,206,73,61,4.5,31,25,82,1
728,13,concert,2024-11-12 14:00:49,2024-11-12 15:11:49,Tuesday,174,82,61,3.9,17,27,101,1
729,20,open_mic,2024-05-30 16:55:23,2024-05-30 19:15:23,Thursday,188,81,63,3.9,23,35,93,0
730,35,karaoke,2024-06-24 18:35:39,2024-06-24 21:16:39,Monday,211,80,59,4.6,24,29,95,1
731,3,techno_party,2024-09-21 13:21:31,2024-09-21 15:25:31,Saturday,196,71,62,3.9,22,32,93,1
732,19,dj_night,2024-12-25 12:06:23,2024-12-25 13:54:23,Wednesday,217,71,70,3.8,22,35,112,1
733,42,dj_night,2025-04-11 11:20:22,2025-04-11 12:32:22,Friday,197,67,54,4.7,24,27,95,1
734,8,dj_night,2024-09-05 12:24:18,2024-09-05 14:33:18,Thursday,198,74,49,3.9,18,32,112,0
735,26,techno_party,2024-12-30 07:34:32,2024-12-30 10:25:32,Monday,207,79,35,3.8,19,23,103,1
736,25,dj_night,2025-01-26 19:38:04,2025-01-26 22:30:04,Sunday,175,69,63,3.7,16,32,108,1
737,32,techno_party,2025-03-27 21:16:21,2025-03-27 23:03:21,Thursday,194,84,60,4.3,21,20,106,1
738,24,open_mic,2024-06-17 20:34:02,2024-06-17 23:41:02,Monday,197,82,59,3.8,15,33,109,0
739,6,techno_party,2024-12-06 07:31:47,2024-12-06 09:39:47,Friday,173,93,57,4.1,22,30,85,1
740,6,karaoke,2024-11-18 06:57:37,2024-11-18 09:45:37,Monday,174,80,60,5.2,12,26,91,0
741,12,open_mic,2024-08-06 03:34:16,2024-08-06 07:08:16,Tuesday,179,66,38,4.6,24,35,94,1
742,21,concert,2024-09-15 23:24:35,2024-09-16 01:39:35,Sunday,196,66,57,4.3,18,33,97,0
743,21,techno_party,2024-11-10 01:39:35,2024-11-10 02:59:35,Sunday,207,72,55,3.6,12,29,92,1
744,20,karaoke,2025-03-01 01:23:48,2025-03-01 03:38:48,Saturday,204,77,62,4.5,17,44,107,0
745,46,karaoke,2024-04-11 10:17:55,2024-04-11 13:51:55,Thursday,194,85,58,4.2,14,25,109,0
746,45,karaoke,2024-08-07 06:50:05,2024-08-07 08:32:05,Wednesday,186,102,48,4.0,20,23,95,0
747,29,concert,2024-07-31 16:44:40,2024-07-31 19:13:40,Wednesday,199,70,45,4.5,16,31,110,1
748,40,karaoke,2024-07-01 21:33:34,2024-07-02 00:03:34,Monday,198,76,43,4.2,15,28,111,1
749,41,concert,2024-09-25 05:21:46,2024-09-25 07:31:46,Wednesday,195,95,45,4.5,17,30,99,0
750,43,techno_party,2025-02-10 10:19:05,2025-02-10 11:38:05,Monday,198,73,76,4.0,18,23,91,1
751,24,open_mic,2024-11-22 12:21:53,2024-11-22 15:04:53,Friday,196,58,64,4.1,24,23,105,1
752,11,concert,2024-12-02 21:00:38,2024-12-03 00:53:38,Monday,204,82,78,3.5,18,26,103,1
753,39,techno_party,2024-12-21 12:48:49,2024-12-21 14:24:49,Saturday,181,85,70,3.6,16,29,89,0
754,3,comedy,2024-08-14 10:05:43,2024-08-14 12:57:43,Wednesday,212,73,50,3.8,21,33,95,1
755,16,techno_party,2024-10-08 20:31:08,2024-10-08 21:48:08,Tuesday,187,74,68,3.6,18,25,110,1
756,24,karaoke,2024-09-29 20:15:32,2024-09-29 22:48:32,Sunday,182,81,69,4.3,22,43,113,0
757,3,open_mic,2024-09-29 23:44:34,2024-09-30 03:09:34,Sunday,184,88,58,3.4,21,24,78,1
758,44,karaoke,2024-12-29 15:49:02,2024-12-29 17:28:02,Sunday,203,86,47,4.9,19,25,85,0
759,24,karaoke,2024-07-03 06:21:23,2024-07-03 08:55:23,Wednesday,206,80,55,4.3,22,38,109,0
760,37,comedy,2024-10-26 19:00:07,2024-10-26 20:19:07,Saturday,222,88,44,5.2,25,22,95,1
761,24,karaoke,2024-10-12 00:55:47,2024-10-12 04:10:47,Saturday,195,87,53,4.3,26,28,82,0
762,42,dj_night,2025-02-13 12:39:54,2025-02-13 14:59:54,Thursday,197,81,59,3.6,18,29,115,0
763,8,concert,2025-03-27 06:07:44,2025-03-27 08:10:44,Thursday,190,73,72,4.2,29,27,96,1
764,32,open_mic,2025-02-14 10:00:12,2025-02-14 11:47:12,Friday,210,52,61,3.5,16,36,108,0
765,36,concert,2025-01-22 02:10:22,2025-01-22 04:49:22,Wednesday,193,70,64,3.4,17,26,107,1
766,50,dj_night,2024-06-16 04:09:12,2024-06-16 06:16:12,Sunday,213,83,64,3.8,18,34,85,1
767,29,comedy,2024-12-23 03:26:56,2024-12-23 07:26:56,Monday,203,76,55,3.6,23,28,101,0
768,19,techno_party,2024-05-14 04:52:00,2024-05-14 08:28:00,Tuesday,185,78,66,4.4,21,23,93,0
769,13,concert,2024-07-30 11:35:45,2024-07-30 14:40:45,Tuesday,182,71,59,3.8,22,22,82,0
770,5,karaoke,2024-10-28 10:52:33,2024-10-28 12:26:33,Monday,171,94,74,3.8,25,27,95,1
771,46,karaoke,2024-12-25 02:04:52,2024-12-25 03:48:52,Wednesday,189,72,74,4.4,20,38,84,1
772,44,dj_night,2024-12-13 01:57:04,2024-12-13 03:19:04,Friday,195,69,69,4.9,26,27,103,0
773,23,techno_party,2024-12-07 18:26:38,2024-12-07 22:16:38,Saturday,211,83,55,4.4,15,29,108,0
774,36,open_mic,2024-08-19 10:41:45,2024-08-19 11:57:45,Monday,221,73,67,4.8,18,24,124,0
775,20,comedy,2024-05-17 12:56:48,2024-05-17 15:10:48,Friday,215,85,61,3.9,16,30,93,1
776,41,comedy,2025-02-23 02:46:28,2025-02-23 06:45:28,Sunday,170,66,80,4.1,20,31,103,1
777,33,comedy,2025-01-27 23:37:47,2025-01-28 02:09:47,Monday,212,77,57,3.4,17,39,90,0
778,13,comedy,2024-07-11 11:38:56,2024-07-11 13:09:56,Thursday,203,69,55,3.1,26,30,97,1
779,32,concert,2024-12-28 13:25:30,2024-12-28 15:25:30,Saturday,193,89,59,4.1,20,30,95,1
780,36,open_mic,2024-08-09 19:50:02,2024-08-09 22:22:02,Friday,207,92,58,3.9,22,25,110,1
781,30,open_mic,2024-07-07 12:19:03,2024-07-07 14:53:03,Sunday,180,76,64,3.6,20,38,114,1
782,40,concert,2025-02-18 12:13:33,2025-02-18 13:46:33,Tuesday,204,89,71,3.9,14,30,103,1
783,20,karaoke,2024-06-27 14:32:25,2024-06-27 15:48:25,Thursday,218,78,58,4.4,22,29,101,0
784,34,karaoke,2024-06-07 11:57:12,2024-06-07 14:59:12,Friday,209,61,55,2.6,22,34,94,1
785,37,concert,2024-04-20 18:10:34,2024-04-20 20:54:34,Saturday,220,78,63,4.8,25,19,98,0
786,21,techno_party,2024-04-29 05:15:29,2024-04-29 06:47:29,Monday,188,96,65,3.7,8,34,100,0
787,29,karaoke,2024-07-15 08:36:46,2024-07-15 09:54:46,Monday,193,99,59,4.0,12,28,106,1
788,34,dj_night,2024-10-12 19:06:24,2024-10-12 23:00:24,Saturday,195,105,52,4.4,22,32,101,0
789,50,open_mic,2024-12-04 16:00:04,2024-12-04 17:32:04,Wednesday,203,101,61,3.7,17,29,101,0
790,38,comedy,2025-03-07 06:38:39,2025-03-07 10:21:39,Friday,215,90,63,3.6,20,31,102,1
791,28,open_mic,2025-02-03 17:21:17,2025-02-03 18:54:17,Monday,215,88,57,4.6,27,28,89,0
792,8,open_mic,2024-05-09 13:19:23,2024-05-09 14:33:23,Thursday,205,84,76,5.0,15,33,97,1
793,20,comedy,2024-10-05 03:18:04,2024-10-05 04:57:04,Saturday,184,70,56,3.7,16,34,97,0
794,21,techno_party,2024-09-19 05:23:06,2024-09-19 07:04:06,Thursday,185,81,58,3.5,20,25,75,1
795,23,open_mic,2025-03-21 09:54:34,2025-03-21 11:51:34,Friday,179,70,65,3.5,21,41,114,0
796,6,dj_night,2024-12-11 20:21:13,2024-12-11 22:33:13,Wednesday,191,66,62,4.3,24,17,96,1
797,41,open_mic,2024-11-20 20:09:24,2024-11-20 21:59:24,Wednesday,185,95,61,3.5,17,28,102,1
798,9,techno_party,2024-06-25 18:46:57,2024-06-25 20:56:57,Tuesday,197,90,66,4.0,19,29,76,1
799,40,open_mic,2025-01-15 05:59:03,2025-01-15 08:16:03,Wednesday,200,73,69,4.1,21,27,102,1
800,33,techno_party,2025-01-06 17:00:25,2025-01-06 18:23:25,Monday,224,90,69,3.6,15,40,99,0
801,38,open_mic,2024-09-07 09:27:13,2024-09-07 11:10:13,Saturday,216,78,59,4.8,13,17,111,0
802,11,techno_party,2024-10-20 06:26:39,2024-10-20 08:05:39,Sunday,227,104,48,3.7,23,33,89,1
803,47,open_mic,2024-09-13 11:32:58,2024-09-13 15:11:58,Friday,210,76,53,3.9,8,34,105,1
804,37,concert,2024-07-15 00:36:53,2024-07-15 03:02:53,Monday,236,91,56,3.6,21,27,106,0
805,6,concert,2024-06-07 13:58:46,2024-06-07 15:05:46,Friday,212,83,61,3.9,17,30,101,1
806,50,open_mic,2024-12-22 01:25:07,2024-12-22 05:09:07,Sunday,210,66,53,4.5,25,32,118,1
807,42,comedy,2025-01-03 07:37:13,2025-01-03 09:44:13,Friday,192,71,60,4.0,26,33,102,0
808,27,open_mic,2024-04-13 10:11:47,2024-04-13 13:37:47,Saturday,168,74,80,3.3,17,37,107,1
809,2,karaoke,2025-03-23 22:42:27,2025-03-24 02:25:27,Sunday,196,90,55,3.1,20,29,115,0
810,35,dj_night,2025-01-27 22:00:40,2025-01-28 01:40:40,Monday,206,86,55,4.9,18,28,103,0
811,20,karaoke,2025-03-11 10:24:08,2025-03-11 14:08:08,Tuesday,214,91,59,4.6,12,34,98,0
812,44,karaoke,2025-02-04 07:51:56,2025-02-04 09:53:56,Tuesday,185,70,56,4.3,26,24,99,1
813,30,concert,2025-03-21 03:38:56,2025-03-21 05:54:56,Friday,194,74,63,4.2,14,15,117,1
814,4,comedy,2024-05-22 15:58:50,2024-05-22 19:54:50,Wednesday,187,85,67,3.8,24,27,119,1
815,27,karaoke,2025-02-07 13:55:08,2025-02-07 16:47:08,Friday,195,76,69,4.7,27,28,111,0
816,14,dj_night,2024-09-23 09:09:53,2024-09-23 12:07:53,Monday,204,70,69,3.7,15,34,102,0
817,10,dj_night,2024-07-05 06:15:44,2024-07-05 09:50:44,Friday,188,69,54,3.8,13,29,106,0
818,47,dj_night,2024-06-18 13:53:51,2024-06-18 16:14:51,Tuesday,178,85,59,4.0,15,29,96,1
819,9,dj_night,2025-02-17 13:21:43,2025-02-17 16:03:43,Monday,195,72,51,4.7,18,30,108,1
820,36,concert,2025-01-06 12:52:58,2025-01-06 16:03:58,Monday,202,96,54,4.1,16,37,112,1
821,16,karaoke,2024-10-29 10:13:52,2024-10-29 12:34:52,Tuesday,202,95,58,3.2,18,36,99,1
822,18,karaoke,2024-10-08 16:26:01,2024-10-08 17:57:01,Tuesday,220,85,61,3.9,13,31,91,1
823,10,concert,2024-04-30 18:35:03,2024-04-30 20:38:03,Tuesday,186,66,45,4.6,19,25,88,0
824,19,karaoke,2024-11-13 17:54:48,2024-11-13 19:06:48,Wednesday,201,88,60,5.1,22,23,108,1
825,27,comedy,2024-07-17 01:12:40,2024-07-17 04:49:40,Wednesday,230,73,73,2.9,21,24,99,1
826,21,open_mic,2025-04-02 13:57:19,2025-04-02 15:37:19,Wednesday,183,85,58,3.4,26,23,108,1
827,13,comedy,2025-03-06 17:34:58,2025-03-06 19:54:58,Thursday,199,90,59,3.7,15,23,105,0
828,33,karaoke,2024-05-28 09:39:32,2024-05-28 12:46:32,Tuesday,198,85,59,4.0,21,32,104,0
829,20,karaoke,2024-10-05 13:02:51,2024-10-05 16:09:51,Saturday,198,76,52,3.6,21,29,98,0
830,6,karaoke,2024-06-02 01:19:31,2024-06-02 02:24:31,Sunday,218,81,71,4.4,20,24,109,1
831,30,comedy,2025-02-16 12:15:32,2025-02-16 15:24:32,Sunday,211,83,77,3.8,29,34,99,1
832,38,dj_night,2024-10-08 17:18:13,2024-10-08 19:13:13,Tuesday,213,69,49,3.8,16,35,83,0
833,4,dj_night,2024-12-26 12:47:25,2024-12-26 13:59:25,Thursday,188,71,56,3.6,27,24,93,0
834,39,techno_party,2024-11-03 13:01:22,2024-11-03 16:07:22,Sunday,206,85,53,4.3,17,25,102,0
835,31,dj_night,2024-11-14 08:04:34,2024-11-14 11:56:34,Thursday,185,88,47,3.6,21,28,109,0
836,1,concert,2024-11-28 12:31:58,2024-11-28 15:48:58,Thursday,191,72,47,4.3,23,26,108,0
837,9,dj_night,2024-08-12 11:56:46,2024-08-12 14:46:46,Monday,223,93,67,3.2,17,35,94,1
838,49,karaoke,2025-01-29 13:57:19,2025-01-29 16:30:19,Wednesday,189,80,49,3.7,19,25,82,1
839,3,karaoke,2025-03-23 11:12:24,2025-03-23 13:45:24,Sunday,196,77,59,4.0,17,29,106,1
840,37,open_mic,2024-09-30 03:35:53,2024-09-30 04:48:53,Monday,183,66,70,3.5,26,28,94,0
841,24,open_mic,2024-12-05 04:50:54,2024-12-05 06:39:54,Thursday,210,89,63,3.7,19,30,100,0
842,5,karaoke,2025-02-21 18:55:34,2025-02-21 21:08:34,Friday,179,95,64,4.5,25,40,106,1
843,29,open_mic,2025-01-15 14:38:03,2025-01-15 17:47:03,Wednesday,238,73,63,2.8,28,37,112,1
844,40,techno_party,2025-03-23 16:44:48,2025-03-23 18:55:48,Sunday,220,87,59,4.1,10,23,90,1
845,8,comedy,2024-10-24 07:23:18,2024-10-24 10:59:18,Thursday,215,76,63,4.6,19,23,84,1
846,26,dj_night,2024-09-24 00:01:37,2024-09-24 01:25:37,Tuesday,224,78,65,4.4,19,27,102,1
847,36,dj_night,2025-02-27 19:58:50,2025-02-27 22:24:50,Thursday,212,87,53,4.2,24,32,86,1
848,13,open_mic,2025-03-29 11:00:49,2025-03-29 12:36:49,Saturday,195,74,48,4.1,21,28,98,1
849,26,open_mic,2024-11-10 01:03:06,2024-11-10 04:13:06,Sunday,196,64,63,4.7,16,26,121,0
850,3,concert,2024-10-01 10:43:51,2024-10-01 11:53:51,Tuesday,183,74,53,3.2,18,22,92,0
851,46,dj_night,2025-03-25 17:06:02,2025-03-25 18:41:02,Tuesday,191,81,63,3.7,12,39,104,0
852,34,karaoke,2024-06-12 01:58:27,2024-06-12 04:59:27,Wednesday,204,91,68,3.5,32,30,95,1
853,39,open_mic,2025-01-25 01:53:09,2025-01-25 03:31:09,Saturday,202,76,50,3.5,18,24,132,1
854,21,open_mic,2025-03-11 20:13:46,2025-03-11 21:48:46,Tuesday,198,74,61,4.1,18,34,115,0
855,11,karaoke,2024-10-12 14:48:05,2024-10-12 17:09:05,Saturday,191,88,61,4.2,15,26,96,0
856,48,dj_night,2024-10-03 01:28:09,2024-10-03 05:05:09,Thursday,195,76,65,4.6,14,26,97,1
857,22,open_mic,2024-07-20 22:21:19,2024-07-21 01:52:19,Saturday,209,75,64,4.7,20,30,105,1
858,35,karaoke,2025-01-28 05:34:57,2025-01-28 08:44:57,Tuesday,184,92,51,3.5,21,21,81,1
859,20,karaoke,2024-07-16 06:57:22,2024-07-16 10:21:22,Tuesday,192,70,67,4.5,28,27,82,1
860,24,dj_night,2025-03-03 10:36:16,2025-03-03 11:40:16,Monday,192,76,58,4.3,33,32,80,0
861,8,karaoke,2024-12-14 21:57:01,2024-12-15 01:49:01,Saturday,178,69,65,4.5,25,29,118,1
862,20,techno_party,2024-07-27 23:14:38,2024-07-28 02:43:38,Saturday,236,92,49,4.0,15,30,100,1
863,41,concert,2025-02-02 16:24:57,2025-02-02 20:20:57,Sunday,201,66,53,4.0,20,37,108,1
864,31,dj_night,2025-02-07 06:58:11,2025-02-07 10:30:11,Friday,211,91,68,4.1,27,42,83,0
865,50,open_mic,2024-10-30 17:22:53,2024-10-30 21:09:53,Wednesday,199,86,77,3.8,20,24,90,1
866,15,techno_party,2024-10-16 11:17:11,2024-10-16 14:44:11,Wednesday,199,82,63,4.3,22,33,112,1
867,38,karaoke,2024-12-10 16:14:01,2024-12-10 17:27:01,Tuesday,212,72,67,4.9,15,21,99,1
868,34,techno_party,2024-07-13 04:26:53,2024-07-13 06:09:53,Saturday,185,73,58,4.0,19,34,83,1
869,50,karaoke,2024-07-26 21:56:55,2024-07-27 01:34:55,Friday,205,78,55,3.8,18,27,88,1
870,44,comedy,2024-09-29 02:25:29,2024-09-29 04:02:29,Sunday,194,79,57,3.8,18,35,112,1
871,37,techno_party,2024-05-11 08:42:43,2024-05-11 09:50:43,Saturday,219,87,74,4.2,17,41,94,0
872,13,concert,2025-01-13 09:14:06,2025-01-13 10:42:06,Monday,216,84,55,4.5,25,32,101,1
873,21,karaoke,2024-07-31 05:41:39,2024-07-31 08:33:39,Wednesday,212,81,68,4.7,21,32,107,0
874,27,techno_party,2024-07-11 08:09:12,2024-07-11 09:47:12,Thursday,201,66,67,4.1,27,28,98,1
875,27,open_mic,2024-07-25 19:05:00,2024-07-25 20:57:00,Thursday,192,69,56,4.0,26,28,90,0
876,31,techno_party,2024-08-19 16:50:27,2024-08-19 20:26:27,Monday,212,76,72,4.5,16,37,101,0
877,46,comedy,2024-08-13 10:25:26,2024-08-13 11:40:26,Tuesday,190,65,46,3.7,16,34,108,1
878,14,open_mic,2025-03-24 02:07:42,2025-03-24 05:19:42,Monday,198,94,60,3.5,20,28,104,0
879,43,karaoke,2024-11-07 01:05:55,2024-11-07 03:28:55,Thursday,179,77,60,4.0,26,30,97,0
880,25,dj_night,2024-05-12 13:33:11,2024-05-12 16:47:11,Sunday,198,80,51,4.3,18,32,93,1
881,30,open_mic,2024-06-04 00:15:17,2024-06-04 01:59:17,Tuesday,201,82,55,4.3,16,30,105,0
882,35,dj_night,2024-06-08 20:21:31,2024-06-08 22:48:31,Saturday,172,90,71,4.2,19,41,112,1
883,50,techno_party,2024-07-10 02:01:41,2024-07-10 05:54:41,Wednesday,182,79,59,3.7,21,36,99,0
884,42,techno_party,2024-09-07 00:39:45,2024-09-07 04:33:45,Saturday,189,74,69,4.6,22,33,111,0
885,40,karaoke,2025-01-05 18:35:45,2025-01-05 20:42:45,Sunday,201,73,67,3.8,18,29,95,0
886,16,dj_night,2024-06-09 14:45:47,2024-06-09 16:34:47,Sunday,181,88,64,4.4,15,28,104,0
887,20,comedy,2025-01-10 14:49:07,2025-01-10 18:11:07,Friday,211,88,71,4.1,16,28,99,0
888,50,dj_night,2024-07-03 08:42:01,2024-07-03 10:58:01,Wednesday,208,88,61,4.6,20,31,97,0
889,14,techno_party,2024-05-06 05:10:16,2024-05-06 09:10:16,Monday,179,70,52,4.5,20,34,109,1
890,32,dj_night,2024-09-19 09:21:50,2024-09-19 13:21:50,Thursday,195,71,64,3.9,17,28,102,1
891,23,open_mic,2024-09-16 13:36:59,2024-09-16 16:38:59,Monday,202,74,58,3.1,20,40,90,0
892,19,concert,2024-08-17 18:33:11,2024-08-17 20:43:11,Saturday,178,73,69,4.2,20,23,105,1
893,44,open_mic,2024-11-08 00:01:02,2024-11-08 03:27:02,Friday,218,93,68,3.9,19,26,101,1
894,26,dj_night,2024-10-09 05:14:39,2024-10-09 07:51:39,Wednesday,212,83,71,3.5,19,28,81,0
895,19,concert,2024-09-19 17:48:42,2024-09-19 19:25:42,Thursday,199,90,54,4.6,26,29,107,1
896,46,concert,2024-05-05 10:52:24,2024-05-05 13:05:24,Sunday,225,76,64,4.0,25,24,87,1
897,29,techno_party,2024-06-30 14:21:04,2024-06-30 16:49:04,Sunday,191,73,60,3.3,19,27,94,1
898,48,karaoke,2025-02-28 17:37:24,2025-02-28 19:42:24,Friday,182,85,68,5.1,20,29,98,0
899,13,open_mic,2024-09-21 10:32:11,2024-09-21 12:26:11,Saturday,185,72,53,4.3,21,36,108,1
900,36,techno_party,2024-09-09 12:42:07,2024-09-09 14:51:07,Monday,218,85,69,4.3,21,33,97,1
901,9,concert,2025-03-28 16:13:15,2025-03-28 18:22:15,Friday,186,77,67,3.7,21,29,98,0
902,48,open_mic,2025-02-04 05:31:53,2025-02-04 09:08:53,Tuesday,224,79,67,4.3,12,24,98,1
903,16,concert,2024-11-24 02:31:46,2024-11-24 04:32:46,Sunday,175,86,59,4.1,23,28,109,0
904,34,comedy,2025-01-06 09:15:32,2025-01-06 13:06:32,Monday,200,94,61,3.2,17,29,98,1
905,15,concert,2024-04-18 20:33:57,2024-04-19 00:16:57,Thursday,202,64,57,3.3,14,18,99,1
906,27,dj_night,2025-03-09 23:50:10,2025-03-10 01:15:10,Sunday,183,75,69,4.0,18,22,109,1
907,7,techno_party,2025-03-19 06:49:48,2025-03-19 09:49:48,Wednesday,196,72,61,4.5,17,34,109,0
908,1,open_mic,2025-02-02 14:22:25,2025-02-02 15:57:25,Sunday,203,77,63,4.4,16,34,83,1
909,27,techno_party,2024-11-20 20:20:16,2024-11-20 22:00:16,Wednesday,189,80,45,4.0,20,24,93,1
910,31,techno_party,2024-09-05 23:55:23,2024-09-06 02:56:23,Thursday,212,92,64,4.2,18,42,117,0
911,49,dj_night,2024-10-13 12:17:18,2024-10-13 14:08:18,Sunday,195,92,61,4.2,23,23,96,0
912,19,techno_party,2024-04-13 13:28:13,2024-04-13 15:50:13,Saturday,212,93,66,3.5,22,29,88,1
913,50,concert,2024-08-25 21:08:40,2024-08-25 22:23:40,Sunday,178,97,63,4.0,12,33,97,1
914,37,comedy,2024-08-05 05:47:11,2024-08-05 09:33:11,Monday,178,68,56,4.4,22,28,100,1
915,48,techno_party,2025-01-28 21:24:43,2025-01-29 00:40:43,Tuesday,207,79,52,3.9,21,35,115,1
916,12,karaoke,2024-09-09 17:27:14,2024-09-09 18:36:14,Monday,215,93,62,3.6,21,26,99,1
917,3,karaoke,2025-03-08 17:13:35,2025-03-08 18:58:35,Saturday,223,88,54,3.7,23,41,106,0
918,12,techno_party,2025-03-23 13:12:59,2025-03-23 16:18:59,Sunday,187,85,62,4.8,18,30,100,1
919,3,concert,2025-03-01 20:04:14,2025-03-01 22:18:14,Saturday,167,82,51,3.6,30,27,101,1
920,37,open_mic,2024-09-21 00:04:35,2024-09-21 02:20:35,Saturday,185,80,64,4.5,20,20,92,1
921,22,dj_night,2024-11-06 07:05:39,2024-11-06 08:32:39,Wednesday,186,84,58,2.7,24,23,116,0
922,42,open_mic,2025-01-26 13:51:57,2025-01-26 16:47:57,Sunday,171,81,48,3.8,19,44,77,1
923,32,comedy,2025-01-21 13:48:02,2025-01-21 17:02:02,Tuesday,215,71,73,3.9,18,29,99,1
924,30,dj_night,2024-11-09 08:50:13,2024-11-09 11:59:13,Saturday,186,73,54,3.5,20,34,118,1
925,8,dj_night,2025-02-15 21:49:36,2025-02-15 23:38:36,Saturday,214,84,62,3.3,15,25,96,1
926,47,karaoke,2024-12-01 13:14:11,2024-12-01 14:55:11,Sunday,199,84,59,4.5,23,38,111,0
927,17,techno_party,2025-03-25 22:43:23,2025-03-26 02:28:23,Tuesday,193,94,63,4.0,16,32,103,0
928,1,techno_party,2024-07-05 22:05:04,2024-07-05 23:52:04,Friday,208,90,53,4.1,21,34,115,1
929,19,open_mic,2024-10-17 21:08:36,2024-10-17 23:34:36,Thursday,206,82,60,3.6,23,26,107,1
930,49,comedy,2024-07-05 11:40:22,2024-07-05 15:32:22,Friday,203,83,60,4.0,28,35,118,1
931,40,techno_party,2024-07-26 06:27:23,2024-07-26 08:11:23,Friday,220,69,69,3.9,15,33,111,0
932,28,open_mic,2024-09-27 12:48:02,2024-09-27 15:31:02,Friday,192,84,54,4.6,27,36,98,0
933,6,karaoke,2024-10-16 21:01:35,2024-10-16 23:24:35,Wednesday,201,83,69,4.0,23,27,108,0
934,7,comedy,2024-04-22 13:02:45,2024-04-22 16:53:45,Monday,192,87,58,4.0,18,33,102,1
935,31,dj_night,2024-09-09 06:55:36,2024-09-09 08:30:36,Monday,218,82,59,4.0,20,29,99,1
936,1,dj_night,2024-08-19 19:28:09,2024-08-19 21:31:09,Monday,194,80,59,4.0,21,36,94,0
937,16,karaoke,2024-12-27 00:52:08,2024-12-27 03:30:08,Friday,221,87,63,3.6,23,43,103,0
938,22,dj_night,2024-12-31 00:34:34,2024-12-31 02:42:34,Tuesday,209,89,46,4.0,23,24,97,0
939,47,open_mic,2025-02-15 05:44:26,2025-02-15 09:13:26,Saturday,196,76,64,3.7,20,26,115,1
940,17,techno_party,2024-09-15 07:01:10,2024-09-15 08:03:10,Sunday,177,77,62,4.7,25,23,106,1
941,45,comedy,2025-01-17 12:22:28,2025-01-17 14:54:28,Friday,177,94,55,5.2,19,34,104,1
942,43,concert,2024-06-14 08:50:36,2024-06-14 10:05:36,Friday,214,75,45,4.4,27,25,91,1
943,20,comedy,2025-03-03 16:35:44,2025-03-03 19:34:44,Monday,201,69,70,3.9,15,29,109,0
944,44,open_mic,2024-10-09 18:54:24,2024-10-09 21:37:24,Wednesday,196,81,55,4.1,19,32,105,1
945,50,dj_night,2025-04-03 09:15:50,2025-04-03 13:15:50,Thursday,181,87,62,3.6,24,33,102,1
946,8,techno_party,2024-05-30 20:05:32,2024-05-31 00:01:32,Thursday,194,75,58,3.7,23,27,113,1
947,24,open_mic,2024-12-08 22:22:12,2024-12-09 00:37:12,Sunday,197,78,61,4.3,19,38,110,1
948,15,comedy,2024-11-04 16:54:29,2024-11-04 18:50:29,Monday,183,73,54,4.3,16,28,85,1
949,10,karaoke,2024-04-21 17:51:37,2024-04-21 20:53:37,Sunday,208,81,63,4.8,27,27,117,0
950,24,karaoke,2025-03-29 11:42:16,2025-03-29 15:17:16,Saturday,211,68,72,4.5,22,21,101,0
951,36,karaoke,2024-09-11 07:02:59,2024-09-11 11:01:59,Wednesday,205,74,58,3.8,19,31,85,1
952,43,comedy,2024-11-27 03:21:19,2024-11-27 06:38:19,Wednesday,220,87,66,3.3,12,18,107,1
953,44,open_mic,2024-11-16 11:01:46,2024-11-16 13:04:46,Saturday,211,96,60,4.4,18,28,117,1
954,34,karaoke,2024-12-24 18:07:14,2024-12-24 19:27:14,Tuesday,212,62,68,3.6,18,36,93,1
955,46,dj_night,2024-04-21 19:07:27,2024-04-21 22:22:27,Sunday,179,81,50,4.7,21,28,117,1
956,37,concert,2024-05-13 20:57:43,2024-05-13 22:16:43,Monday,208,77,58,4.8,18,29,110,1
957,36,open_mic,2024-12-16 21:22:33,2024-12-16 22:37:33,Monday,194,68,60,3.2,19,23,114,1
958,37,open_mic,2024-09-24 17:28:32,2024-09-24 19:19:32,Tuesday,169,86,64,5.1,29,24,113,1
959,11,dj_night,2024-06-02 23:19:33,2024-06-03 00:57:33,Sunday,176,74,54,3.5,19,35,115,0
960,29,concert,2025-03-13 22:09:18,2025-03-14 01:22:18,Thursday,220,97,57,4.5,21,35,98,0
961,14,techno_party,2024-10-07 13:51:23,2024-10-07 17:45:23,Monday,184,72,69,4.0,21,31,113,1
962,32,concert,2024-06-20 20:21:08,2024-06-20 23:50:08,Thursday,201,94,53,3.8,20,24,90,1
963,29,concert,2024-04-30 19:12:06,2024-04-30 22:22:06,Tuesday,200,91,55,4.4,9,27,93,1
964,9,open_mic,2024-07-21 07:20:51,2024-07-21 10:16:51,Sunday,182,69,54,4.2,19,31,118,1
965,30,open_mic,2024-09-05 12:01:08,2024-09-05 14:47:08,Thursday,183,75,40,3.8,18,26,98,1
966,36,karaoke,2024-08-16 09:39:46,2024-08-16 10:53:46,Friday,182,81,64,4.0,14,27,110,1
967,20,techno_party,2024-07-02 11:19:54,2024-07-02 15:11:54,Tuesday,201,81,62,3.4,21,28,114,0
968,26,dj_night,2024-10-04 20:37:11,2024-10-04 21:42:11,Friday,200,91,69,4.7,15,32,95,1
969,48,comedy,2024-08-16 04:56:19,2024-08-16 05:56:19,Friday,204,98,62,4.2,20,48,99,1
970,5,concert,2024-08-20 08:14:53,2024-08-20 11:42:53,Tuesday,195,76,65,4.1,19,30,108,0
971,23,techno_party,2025-01-31 21:41:24,2025-02-01 00:29:24,Friday,198,91,66,4.6,21,28,117,1
972,35,concert,2025-03-18 21:21:14,2025-03-18 22:37:14,Tuesday,212,81,66,3.8,24,23,93,0
973,31,concert,2024-09-05 12:13:38,2024-09-05 13:30:38,Thursday,174,66,54,3.9,17,35,102,1
974,27,comedy,2024-07-28 08:03:16,2024-07-28 10:16:16,Sunday,216,92,77,4.1,21,28,97,0
975,50,techno_party,2025-01-28 07:45:16,2025-01-28 09:19:16,Tuesday,206,81,67,4.7,10,28,120,1
976,27,dj_night,2025-02-28 08:36:40,2025-02-28 12:21:40,Friday,188,85,57,3.9,20,28,98,0
977,29,karaoke,2024-09-21 23:47:02,2024-09-22 02:24:02,Saturday,222,71,58,3.3,20,35,96,0
978,6,techno_party,2024-07-18 05:51:21,2024-07-18 08:27:21,Thursday,202,74,59,3.9,11,25,103,1
979,35,comedy,2025-03-01 12:26:55,2025-03-01 16:15:55,Saturday,197,78,43,3.3,21,29,87,1
980,23,concert,2024-05-13 01:56:11,2024-05-13 05:43:11,Monday,223,84,61,5.1,11,35,94,1
981,35,karaoke,2024-10-10 22:05:32,2024-10-10 23:50:32,Thursday,242,80,56,4.2,26,27,88,1
982,9,techno_party,2024-04-18 19:10:49,2024-04-18 22:25:49,Thursday,215,74,61,3.7,28,34,103,1
983,1,concert,2025-01-27 03:55:37,2025-01-27 05:52:37,Monday,202,77,64,3.5,13,34,98,0
984,30,techno_party,2024-11-06 18:15:53,2024-11-06 20:31:53,Wednesday,204,82,56,3.1,22,24,101,0
985,28,open_mic,2024-05-01 11:59:16,2024-05-01 15:18:16,Wednesday,191,89,52,3.5,17,30,97,1
986,15,comedy,2024-08-25 04:22:54,2024-08-25 06:59:54,Sunday,193,82,51,3.7,19,39,92,1
987,23,comedy,2024-07-07 08:25:01,2024-07-07 11:22:01,Sunday,197,73,72,4.2,15,27,101,1
988,13,techno_party,2024-12-19 18:17:49,2024-12-19 20:27:49,Thursday,210,87,60,4.1,14,34,125,0
989,3,techno_party,2024-05-07 22:05:04,2024-05-07 23:33:04,Tuesday,171,76,57,3.8,22,29,102,1
990,40,concert,2025-02-08 16:08:05,2025-02-08 18:55:05,Saturday,197,71,60,4.5,30,32,100,1
991,14,concert,2024-12-20 09:18:31,2024-12-20 11:19:31,Friday,193,73,63,3.7,21,29,92,1
992,39,concert,2024-04-26 21:44:52,2024-04-26 23:09:52,Friday,221,84,67,2.7,19,32,95,1
993,39,techno_party,2025-01-29 04:28:40,2025-01-29 07:22:40,Wednesday,189,80,54,5.1,17,35,94,0
994,4,comedy,2024-04-23 07:44:07,2024-04-23 11:44:07,Tuesday,209,77,54,3.4,23,28,88,0
995,26,karaoke,2024-07-16 07:21:44,2024-07-16 08:32:44,Tuesday,207,73,51,3.4,23,27,93,0
996,35,comedy,2024-06-27 16:41:28,2024-06-27 18:40:28,Thursday,185,75,61,4.0,24,29,94,1
997,9,open_mic,2025-03-03 04:41:41,2025-03-03 05:55:41,Monday,196,66,56,4.3,17,32,92,1
998,15,techno_party,2024-04-19 04:28:13,2024-04-19 06:42:13,Friday,194,78,60,3.8,21,40,86,0
999,21,open_mic,2024-12-08 13:46:59,2024-12-08 17:13:59,Sunday,216,81,59,4.4,17,28,104,0
1000,50,techno_party,2024-06-09 10:49:17,2024-06-09 14:22:17,Sunday,214,79,61,4.7,13,28,95,1
